hanzi,wuxing
人,金
入,金
厶,金
刀,金
匕,金
刃,金
小,金
寸,金
三,金
上,金
才,金
川,金
亍,金
夕,金
千,金
叉,金
士,金
殳,金
仁,金
什,金
四,金
仄,金
仍,金
刈,金
乏,金
手,金
兮,金
氏,金
冗,金
爪,金
戈,金
心,金
少,金
世,金
示,金
生,金
仟,金
市,金
仞,金
史,金
失,金
矢,金
册,金
石,金
甩,金
仕,金
仙,金
斥,金
占,火
出,金
刊,金
尻,金
玊,金
乍,金
司,金
申,金
且,金
正,金
叱,金
叼,金
主,金
刎,金
如,金
臣,金
扔,金
任,金
守,金
吸,金
西,金
夙,金
次,金
舛,金
早,金
先,金
州,金
吏,金
舟,金
凸,金
此,金
死,金
汆,金
寺,金
妁,金
咤,金
列,金
匈,金
旬,金
在,金
舌,金
丢,金
字,金
再,金
曳,金
丞,金
而,金
囟,金
存,金
色,金
式,金
辛,金
判,金
伸,金
宋,金
身,金
伭,金
吹,金
七,金
走,金
卮,金
劭,金
酉,金
删,金
赤,金
坐,金
作,金
佐,金
忒,金
吻,金
串,金
卲,金
畲,金
兕,金
氚,金
姒,金
巡,金
兑,金
助,金
壮,金
忖,金
车,金
妊,金
岔,金
忍,金
吱,金
妆,金
皂,金
孜,金
成,金
束,金
秀,金
私,金
佀,金
吵,金
伫,金
扱,金
礽,金
伺,金
吮,金
序,金
忱,金
侃,金
些,金
昃,金
扯,金
戋,金
刷,金
抄,金
刻,金
忡,金
金,金
怎,金
青,金
姓,金
承,金
取,金
轧,金
甾,金
咋,金
刖,金
弨,金
侏,金
卒,金
佌,金
刺,金
周,金
妯,金
侁,金
呻,金
侘,金
咒,金
宙,金
忮,金
抒,金
妻,金
受,金
初,金
叁,金
孥,金
事,金
抓,金
始,金
使,金
刹,金
宗,金
升,金
叔,金
尚,金
姃,金
疝,金
兔,金
戕,金
所,金
昌,金
垂,金
儿,金
姗,金
刮,金
舍,金
社,金
昔,金
穸,金
忪,金
侄,金
庚,金
祀,金
咻,金
甚,金
舢,金
刭,金
耏,金
矧,金
庥,金
哂,金
度,金
钇,金
宣,金
页,金
毒,金
姺,金
叙,金
俓,金
厍,金
砂,金
首,金
秋,金
胥,金
舡,金
殂,金
思,金
娀,金
肜,金
籼,金
祆,金
纫,金
叟,金
帅,金
穿,金
柔,金
俗,金
剃,金
剞,金
怵,金
春,金
是,金
牲,金
省,金
尸,金
施,金
食,金
星,金
闩,金
室,金
促,金
衫,金
钆,金
削,金
耍,金
庠,金
姝,金
性,金
信,金
枯,金
峙,金
拙,金
眨,金
肘,金
姹,金
昨,金
昝,金
咱,金
俣,金
差,金
疢,金
宬,金
咨,金
拆,金
哉,金
则,金
怊,金
姿,金
咫,金
侵,金
伡,金
俎,金
怯,金
前,金
蚤,金
拄,金
臿,金
俞,金
查,金
抻,金
怔,金
怍,金
剖,金
掀,金
狨,金
轫,金
怪,金
敇,金
刚,金
纾,金
唓,金
耖,金
晁,金
殊,金
倪,金
拴,金
眧,金
狩,金
脆,金
酎,金
衽,金
书,金
哳,金
紊,金
息,金
唏,金
钌,金
孙,金
钊,金
拯,金
隼,金
针,金
倩,金
真,金
伥,金
索,金
剜,金
俶,金
弱,金
畛,金
剐,金
辱,金
疹,金
唆,金
剡,金
痄,金
窄,金
衰,金
祠,金
讪,金
借,金
素,金
祚,金
症,金
指,金
祟,金
纸,金
扇,金
鬯,金
刬,金
刍,金
倡,金
纯,金
宫,金
豺,金
席,金
宵,金
修,金
徐,金
宰,金
凋,金
唑,金
钋,金
邛,金
珊,金
珐,金
厝,金
剥,金
眚,金
吁,木
殉,金
射,金
神,金
娠,金
珅,金
财,金
痃,金
座,金
乘,金
租,金
玹,金
吣,金
钉,金
峻,金
眩,金
拾,金
翅,金
闪,金
持,金
祖,金
奘,金
栽,金
讱,金
宸,金
拽,金
珇,金
唣,金
十,金
笑,金
挈,金
疰,金
蚩,金
时,金
酌,金
师,金
哨,金
仓,金
栀,金
啥,金
胝,金
船,金
捎,金
商,金
常,金
唼,金
族,金
匙,金
奢,金
钏,金
蛇,金
欣,木
绍,金
组,金
狻,金
娼,金
设,金
侧,金
着,木
孰,金
钒,金
阡,金
昼,金
曹,金
彩,金
售,金
罡,金
专,金
捏,金
啐,金
厕,金
珠,金
捅,金
蛀,金
钎,金
钕,金
赦,金
得,金
疵,金
产,金
偲,金
绅,金
副,金
粗,金
瓷,金
众,金
挫,金
参,金
胂,金
终,金
紫,金
钗,金
玼,金
趾,金
胙,金
徙,金
琤,金
宿,金
酗,金
剪,金
做,金
紬,金
祭,金
钓,金
粘,金
雀,金
爽,金
砦,金
舴,金
旋,金
唱,金
悚,金
舷,金
讼,金
羞,金
馗,金
蚺,金
扎,金
邢,金
袖,金
祥,金
偢,金
细,金
巢,金
蚱,金
悦,金
唰,金
偁,金
旌,金
瓻,金
勘,金
庶,金
钐,金
问,金
欷,金
圊,金
寂,金
偷,金
绌,金
偰,金
斜,金
胗,金
钍,金
率,金
豉,金
氢,金
趻,金
啜,金
责,金
悉,金
晨,金
崇,金
邤,金
徜,金
佩,水
舂,金
处,金
盛,金
禽,金
述,金
贮,金
剩,金
胸,金
注,水
貂,金
掉,金
舾,金
钣,金
痤,金
钮,金
嵯,金
牚,金
兹,木
伧,金
钦,金
枣,金
啻,金
须,金
绚,金
竣,金
诅,金
剀,金
猞,金
钧,金
邵,金
喧,金
情,金
堵,金
氰,金
稍,金
钭,金
裒,金
尊,金
胵,金
喻,金
甥,金
胜,金
然,金
残,金
琇,金
肾,金
措,金
惆,金
裁,金
矬,金
跚,金
婿,金
痧,金
絮,金
猜,金
钸,金
绝,金
净,金
散,金
斯,金
惜,金
傒,金
捶,金
晰,金
犀,金
粞,金
伞,金
创,金
脂,金
怅,金
殖,金
俟,金
孱,金
粟,金
轵,金
词,金
诉,金
割,金
宁,火
戟,金
善,金
掊,金
童,金
替,金
猖,金
壶,金
挣,金
狰,金
推,金
帧,金
喘,金
觇,金
惝,金
阼,金
辜,金
钩,金
睃,金
敞,金
诏,金
飧,金
掌,金
贰,金
象,金
钠,金
瘦,金
授,金
税,金
羡,金
韧,金
悴,金
钛,金
曾,金
毳,金
钝,金
扫,金
嫂,金
皴,金
琈,金
嗏,金
蛛,金
钤,金
视,金
钫,金
钯,金
钙,金
酥,金
诈,金
丝,金
舄,金
丧,金
嗖,金
钞,金
黍,金
超,金
顺,金
喳,金
迮,金
猝,金
舒,金
疏,金
酢,金
竦,金
朝,金
舜,金
绒,金
歃,金
煞,金
塞,金
跫,金
钶,金
巨,木
靖,金
嗪,金
惬,金
饪,金
揉,金
捷,金
剿,金
铆,金
铃,金
裟,金
蜣,金
钴,金
钼,金
搔,金
铌,金
钳,金
铅,金
琗,金
剻,金
铍,金
钾,金
饬,金
蚬,金
煦,金
揎,金
暄,金
铉,金
驯,金
愁,金
傺,金
稠,金
铀,金
絺,金
愉,金
揄,金
脭,金
蝓,金
询,金
鼠,金
跣,金
睡,金
详,金
想,金
绡,金
蜀,金
嗅,金
歆,金
裕,金
刨,金
猩,金
楚,金
貅,金
钿,金
绣,金
新,金
铂,金
瘃,金
恻,金
庄,金
装,金
琸,金
粲,金
伛,金
睬,金
诛,金
钹,金
钵,金
揍,金
傶,金
阻,金
铋,金
资,金
债,金
惺,金
愈,金
钺,金
载,金
嗔,金
琛,金
插,金
闸,金
邾,金
斟,金
钲,金
睁,金
黹,金
酯,金
诧,金
钰,金
贼,金
嗦,金
嗍,金
跐,金
嗣,金
肆,金
蠢,金
揣,金
岁,金
毹,金
羧,金
唢,金
铊,金
歂,金
钽,金
酮,金
嫌,金
搓,金
伤,金
艄,金
蛸,金
诜,金
蜃,金
脞,金
琮,金
邿,金
暑,金
势,金
轼,金
瘁,金
催,金
睢,金
诗,金
钷,金
嗉,金
媳,金
肃,金
蜍,金
剸,金
郄,金
搜,金
送,金
酰,金
铒,金
铭,金
僝,金
铰,金
罚,金
瘥,金
铵,金
察,金
粹,金
陧,金
翠,金
嘈,金
速,金
铥,金
艑,金
瞍,金
愫,金
说,金
铝,金
睹,金
诵,金
嗾,金
阀,金
精,金
劂,金
僳,金
聚,金
绸,金
僢,金
铖,金
铞,金
酲,金
殠,金
搐,金
划,金
搊,金
铳,金
铪,金
郝,金
铐,金
雌,金
嫦,金
搋,金
闾,金
厂,金
觫,金
怆,金
铫,金
诚,金
慈,金
铬,金
裯,金
铑,金
綝,金
称,金
玚,金
劁,金
僧,金
誓,金
碡,金
寿,金
铯,金
绶,金
帻,金
啧,金
嗽,金
造,金
觋,金
陎,金
抢,金
禊,金
瘙,金
铱,金
署,金
综,金
搠,金
需,金
认,金
逍,金
悫,金
铨,金
绱,金
铢,金
韶,金
赊,金
蜥,金
劓,金
逡,金
逝,金
衔,金
慎,金
蜻,金
僖,金
寝,金
狮,金
帚,金
赈,金
臧,金
甄,金
睻,金
瑜,金
睿,金
慊,金
铷,金
狲,金
像,金
腴,金
铕,金
戗,金
僔,金
瑞,金
铜,金
綮,金
僮,金
摭,金
齐,金
骰,金
途,金
银,金
屣,金
蜘,金
腙,金
限,金
铟,金
损,金
搡,金
酸,金
腔,金
酴,金
粽,金
铣,金
窬,金
鋈,金
廛,金
锆,金
殇,金
铤,金
瘛,金
谄,金
锐,金
腮,金
冲,金
铘,金
刽,金
锇,金
锋,金
傻,金
肠,金
稹,金
陕,金
毵,金
刿,金
敷,金
磉,金
噇,金
赐,金
咝,金
铺,金
缌,金
糌,金
嘶,金
驷,金
踳,金
实,金
谇,金
醋,金
摐,金
疮,金
漦,金
琐,金
諔,金
锑,金
嘬,金
恸,金
腿,金
鋋,金
摴,金
赏,金
嘟,金
厨,金
揸,金
锃,金
审,金
锉,金
熟,金
锄,金
驵,金
蚀,金
驶,金
麨,金
奭,金
艏,金
摧,金
噪,金
瞋,金
嘻,金
谂,金
靓,金
陷,金
锈,金
剧,金
锔,金
谁,金
艖,金
锕,金
锂,金
锊,金
刳,金
髯,金
腥,金
腺,金
糅,金
节,金
皱,金
锞,金
谆,金
诼,金
怂,金
锒,金
噙,金
锓,金
线,金
惨,金
趣,金
锍,金
惭,金
请,金
幢,金
翥,金
踩,金
陉,金
儇,金
掺,金
绪,金
缄,金
铗,金
钡,金
陟,金
陬,金
哓,金
挚,金
销,金
婵,金
腧,金
数,金
劈,金
帜,金
摔,金
诹,金
锌,金
艘,金
剑,金
螋,金
踹,金
钱,金
餐,金
锱,金
锤,金
输,金
穆,金
鄃,金
锜,金
褫,金
陲,金
憯,金
穇,金
锡,金
撙,金
雕,金
觎,金
凭,金
儒,金
赪,金
谕,金
缊,金
钔,金
撕,金
郰,金
蛳,金
窗,金
锛,金
锖,金
璁,金
锬,金
遄,金
糍,金
锫,金
逾,金
锰,金
颓,金
輴,金
醒,金
踸,金
嫱,金
谌,金
錞,金
嬗,金
鋹,金
阊,金
郮,金
蹂,金
锦,金
铮,金
缜,金
整,金
螅,金
憎,金
膳,金
璀,金
静,金
羲,金
绉,金
锢,金
瘳,金
稣,金
缛,金
褥,金
锪,金
辐,金
辑,金
氅,金
噻,金
瘵,金
侪,金
谖,金
憧,金
钢,金
幨,金
髹,金
铼,金
糙,金
锟,金
揿,金
鹾,金
蹉,金
谒,金
撞,金
甑,金
蹅,金
锨,金
错,金
舱,金
锭,金
麈,金
诸,金
瘸,金
锩,金
锯,金
锥,金
战,金
锝,金
猃,金
帱,金
瞬,金
戏,金
憷,金
翼,金
痫,金
歜,金
谢,金
逊,金
耸,金
馅,金
蟀,金
鸺,金
锼,金
鲜,金
溪,水
蟋,金
膝,金
谡,金
锺,金
懆,金
骏,金
馇,金
锸,金
键,金
诌,金
赛,金
蹇,金
艚,金
嚅,金
韔,金
禅,金
黜,金
锾,金
鄏,金
锅,金
饯,金
镅,金
锿,金
嚓,金
遣,金
擦,金
邹,金
跄,金
鍪,金
锴,金
镁,金
螬,金
总,金
縩,金
锹,金
链,金
锲,金
操,金
徽,金
縻,金
孺,金
毡,金
聪,金
铡,金
罾,金
声,金
鼌,金
缩,金
独,金
隋,金
舆,金
谥,金
虽,金
锶,金
糟,金
糁,金
絷,金
膗,金
缫,金
斋,金
偿,金
擅,金
锷,金
锗,金
锻,金
镀,金
饆,金
迟,金
镈,金
镑,金
鏊,金
翱,金
儭,金
鎞,金
膪,金
艟,金
繟,金
蝉,金
织,金
镇,金
擤,金
颛,金
遭,金
缯,金
镒,金
璨,金
赜,金
踪,金
鬃,金
懤,金
储,金
镏,金
鞣,金
聂,金
镕,金
缮,金
阙,金
雟,金
镎,金
雏,金
鶵,金
镓,金
阕,金
啮,金
钨,金
镉,金
铠,金
婶,金
觞,金
鄜,金
蟮,金
锁,金
镐,金
幮,金
飕,金
双,金
饩,金
拧,金
燹,金
劐,金
窜,金
秽,金
环,金
阋,金
镍,金
铩,金
蟓,金
狞,金
蹙,金
蟾,金
谮,金
辞,金
识,金
绳,金
鲳,金
祷,金
赞,金
牍,金
兽,金
錾,金
躁,金
襜,金
鹊,金
犊,金
蹴,金
鲭,金
镝,金
璹,金
摅,金
镜,金
颠,金
镞,金
镛,金
镖,金
系,金
擞,金
畴,金
遵,金
惩,金
鄯,金
鲰,金
镚,金
馐,金
暹,金
迁,金
鏖,金
锘,金
膻,金
馊,金
锵,金
铿,金
铲,金
谯,金
颡,金
镗,金
鎏,金
镂,金
骚,金
选,金
镘,金
锚,金
镆,金
臊,金
碹,土
宠,金
铧,金
鳃,金
镡,金
鳋,金
馓,金
锎,金
镤,金
镨,金
聍,金
鐏,金
缱,金
驺,金
镪,金
鏻,金
镣,金
謦,金
黥,金
鏸,金
鐉,金
鐍,金
镢,金
蝾,金
鐎,金
锏,金
钟,金
襦,金
繻,金
蠕,金
铹,金
鐇,金
译,金
犨,金
续,金
释,金
酬,金
铴,金
镫,金
镄,金
鰆,金
璺,金
谵,金
馨,金
孀,金
触,金
镦,金
霰,金
骟,金
攒,木
鹚,金
镌,金
镯,金
属,金
铁,金
燨,金
谴,金
衬,金
铛,金
骖,金
镱,金
隧,金
镰,金
蛩,金
邃,金
鸧,金
嗫,金
鏴,金
镭,金
随,金
躇,金
虿,金
鐾,金
险,金
搀,金
麝,金
羼,金
鄹,金
韂,金
铎,金
呲,金
骢,金
忏,金
踯,金
摛,金
冁,金
骣,金
躔,金
慑,金
骁,金
镬,金
癣,金
袭,金
镲,金
撺,金
镔,金
隰,金
蹰,金
鉴,金
铸,金
镥,金
镳,金
仇,金
纤,金
鱚,金
鹇,金
鼷,金
鳟,金
鸶,金
颥,金
髑,金
黪,金
髓,金
銎,金
脏,金
铄,金
鳝,金
谗,金
瓒,金
瓉,金
骤,金
蚕,金
矗,金
鑫,金
嘱,金
谶,金
蹑,金
齄,金
蹿,金
鑶,金
镵,金
钥,金
璛,金
赃,金
镶,金
鲿,金
衅,金
镧,金
跹,金
镊,金
酾,金
馋,金
镩,金
骥,金
趱,金
瞩,金
颞,金
钻,金
黩,金
锣,金
銮,金
凿,金
齼,金
镙,金
爨,金
冊,金
吒,金
丟,金
刪,金
佘,金
兌,金
壯,金
車,金
妝,金
佇,金
戔,金
軋,金
兒,金
姍,金
剄,金
釔,金
頁,金
敘,金
厙,金
秈,金
紉,金
帥,金
屍,金
閂,金
釓,金
俁,金
諮,火
則,金
軔,金
剛,金
紓,金
書,金
釕,金
孫,金
釗,金
針,金
倀,金
剮,金
訕,金
紙,金
剗,金
芻,金
純,金
宮,金
釙,金
琺,金
剝,金
籲,木
財,金
唚,金
釘,金
閃,金
訒,金
唕,金
時,金
師,金
倉,金
梔,金
釧,金
紹,金
組,金
設,金
側,金
著,木
釩,金
晝,金
專,金
廁,金
釺,金
釹,金
產,金
紳,金
眾,金
參,金
終,金
釵,金
釣,金
訟,金
紮,金
細,金
悅,金
釤,金
問,金
絀,金
釷,金
氫,金
責,金
處,金
貯,金
鈑,金
鈕,金
茲,木
傖,金
欽,金
棗,金
須,金
絢,金
詛,金
剴,金
鈞,金
鈄,金
勝,金
殘,金
腎,金
鈽,金
絕,金
淨,金
傘,金
創,金
悵,金
軹,金
詞,金
訴,金
寧,火
壺,金
掙,金
猙,金
幀,金
覘,金
鉤,金
詔,金
貳,金
鈉,金
稅,金
羨,金
韌,金
鈦,金
鈍,金
掃,金
鈐,金
視,金
鈁,金
鈀,金
鈣,金
詐,金
絲,金
喪,金
鈔,金
順,金
絨,金
鈳,金
愜,金
飪,金
鉚,金
鈴,金
鈷,金
鉬,金
鈮,金
鉗,金
鉛,金
鈹,金
鉀,金
飭,金
蜆,金
鉉,金
馴,金
鈾,金
詢,金
詳,金
綃,金
鈿,金
繡,金
鉑,金
惻,金
莊,金
裝,金
傴,金
誅,金
鈸,金
缽,金
鉍,金
資,金
債,金
鉞,金
載,金
閘,金
鉦,金
睜,金
詫,金
鈺,金
賊,金
歲,金
嗩,金
鉈,金
鉭,金
傷,金
詵,金
勢,金
軾,金
詩,金
鉕,金
肅,金
郤,金
醯,金
鉺,金
銘,金
鉸,金
罰,金
銨,金
隉,金
銩,金
說,金
鋁,金
誦,金
閥,金
綢,金
鋮,金
銱,金
劃,金
銃,金
鉿,金
銬,金
閭,金
廠,金
愴,金
銚,金
誠,金
鉻,金
銠,金
稱,金
瑒,金
壽,金
銫,金
綬,金
幘,金
嘖,金
覡,金
搶,金
銥,金
綜,金
認,金
愨,金
銓,金
緔,金
銖,金
賒,金
銜,金
寢,金
獅,金
賑,金
銣,金
猻,金
銪,金
戧,金
銅,金
齊,金
銀,金
銦,金
損,金
銑,金
鋯,金
殤,金
鋌,金
諂,金
銳,金
沖,金
鋣,金
劊,金
鋨,金
鋒,金
腸,金
陝,金
毿,金
劌,金
賜,金
噝,金
鋪,金
緦,金
駟,金
實,金
誶,金
瘡,金
瑣,金
銻,金
慟,金
賞,金
廚,金
摣,金
鋥,金
審,金
銼,金
鋤,金
駔,金
蝕,金
駛,金
諗,金
靚,金
鏽,金
劇,金
鋦,金
誰,金
錒,金
鋰,金
鋝,金
節,金
皺,金
錁,金
諄,金
諑,金
慫,金
鋃,金
鋟,金
線,金
慘,金
鋶,金
慚,金
請,金
陘,金
摻,金
緒,金
緘,金
鋏,金
鋇,金
嘵,金
摯,金
銷,金
嬋,金
數,金
幟,金
諏,金
鋅,金
劍,金
錢,金
錙,金
錘,金
輸,金
錡,金
錫,金
覦,金
憑,金
赬,金
諭,金
縕,金
鍆,金
螄,金
錛,金
錆,金
錟,金
錇,金
錳,金
頹,金
嬙,金
諶,金
閶,金
錦,金
錚,金
縝,金
靜,金
縐,金
錮,金
穌,金
縟,金
鍃,金
輻,金
輯,金
儕,金
諼,金
鋼,金
錸,金
錕,金
撳,金
鹺,金
謁,金
鍁,金
錯,金
艙,金
錠,金
諸,金
錈,金
鋸,金
錐,金
戰,金
鍀,金
獫,金
幬,金
戲,金
癇,金
謝,金
遜,金
聳,金
餡,金
鵂,金
鎪,金
鮮,金
謖,金
鍾,金
駿,金
餷,金
鍤,金
鍵,金
謅,金
賽,金
禪,金
鍰,金
鍋,金
餞,金
鋂,金
鎄,金
鄒,金
蹌,金
鍇,金
鎂,金
總,金
鍬,金
鏈,金
鍥,金
氈,金
聰,金
鍘,金
聲,金
鼂,金
縮,金
獨,金
輿,金
諡,金
雖,金
鍶,金
糝,金
縶,金
繅,金
齋,金
償,金
鍔,金
鍺,金
鍛,金
鍍,金
遲,金
鎛,金
鎊,金
蟬,金
織,金
鎮,金
顓,金
繒,金
鎰,金
賾,金
蹤,金
儲,金
鎦,金
聶,金
鎔,金
繕,金
闕,金
錼,金
雛,金
鎵,金
闋,金
齧,金
鎢,金
鎘,金
鎧,金
嬸,金
觴,金
鎖,金
鎬,金
颼,金
雙,金
餼,金
擰,金
竄,金
穢,金
環,金
鬩,金
鎳,金
鎩,金
獰,金
譖,金
辭,金
識,金
繩,金
鯧,金
禱,金
贊,金
牘,金
獸,金
鏨,金
鵲,金
犢,金
鯖,金
鏑,金
攄,金
鏡,金
顛,金
鏃,金
鏞,金
鏢,金
擻,金
疇,金
懲,金
鯫,金
鏰,金
饈,金
遷,金
鍩,金
餿,金
鏘,金
鏗,金
鏟,金
譙,金
顙,金
鏜,金
鏤,金
騷,金
選,金
鏝,金
錨,金
鏌,金
镟,土
寵,金
鏵,金
鰓,金
鐔,金
鰠,金
饊,金
鉲,金
鏷,金
鐠,金
聹,金
繾,金
騶,金
鏹,金
鐐,金
钁,金
蠑,金
鐧,金
鐘,金
鐒,金
譯,金
續,金
釋,金
鐋,金
鐙,金
鐨,金
譫,金
觸,金
鐓,金
騸,金
攢,木
鶿,金
鐫,金
鐲,金
屬,金
鐵,金
譴,金
襯,金
鐺,金
驂,金
鐿,金
鐮,金
鶬,金
囁,金
鐳,金
隨,金
蠆,金
險,金
攙,金
鐸,金
驄,金
懺,金
躑,金
囅,金
驏,金
懾,金
驍,金
鑊,金
癬,金
襲,金
鑔,金
攛,金
鑌,金
躕,金
鑒,金
鑄,金
鑥,金
鑣,金
纖,金
鷳,金
鱒,金
鷥,金
顬,金
黲,金
髒,金
鑠,金
鱔,金
讒,金
瓚,金
驟,金
蠶,金
囑,金
讖,金
躡,金
齇,金
躥,金
鑱,金
鑰,金
贓,金
鑲,金
鱨,金
釁,金
鑭,金
躚,金
鑷,金
釃,金
饞,金
鑹,金
驥,金
趲,金
矚,金
顳,金
鑽,金
黷,金
鑼,金
鑾,金
鑿,金
鏍,金
及,木
久,木
已,木
巾,木
彡,木
乞,木
廿,木
孑,木
丌,木
弓,木
工,木
口,木
亢,木
犬,木
孔,木
丐,木
木,木
卞,木
牙,木
介,木
公,木
牛,木
匀,木
欠,木
亓,木
斤,木
今,木
勾,木
月,木
元,木
可,木
卉,木
加,木
叫,木
甲,木
句,木
仡,木
札,木
玉,木
卡,木
卯,木
功,木
巧,木
丘,木
囚,木
去,木
古,木
疒,木
瓜,木
本,木
尕,木
宄,木
五,木
叩,木
未,木
外,木
甘,木
匡,木
各,木
共,木
夼,木
企,木
朽,木
犰,木
聿,木
曲,木
戎,木
伎,木
考,木
臼,木
朵,木
伉,木
尬,木
仰,木
吉,木
乩,木
旭,木
朳,木
奸,木
件,木
交,木
囝,木
竹,木
朱,木
幵,木
扣,木
国,木
杠,木
杖,木
改,木
吾,木
佧,木
困,木
村,木
妓,木
姖,木
忌,木
旱,木
杏,木
告,木
劬,木
吟,木
妜,木
伲,木
你,木
君,木
伽,木
言,木
李,木
角,木
究,木
杆,木
估,木
杉,木
何,木
庋,木
局,木
床,木
扤,木
扛,木
更,木
岑,木
杞,木
攻,木
匣,木
材,木
我,木
扦,木
见,木
杈,木
劫,木
吴,木
杓,木
吓,木
呃,木
妗,木
杌,木
吼,木
肓,木
羌,木
克,木
杜,木
夹,木
呷,木
松,木
竺,木
兖,木
官,木
乖,木
卷,木
扼,木
枚,木
佼,木
杵,木
亟,木
呱,水
杳,木
杼,木
抗,木
枋,木
昏,木
卧,木
杭,木
枉,木
艽,木
妸,木
肯,木
枝,木
咖,木
狂,木
忽,木
枕,木
空,木
肌,木
东,木
厓,木
林,木
析,木
快,木
芎,木
斧,木
咔,木
果,木
杻,木
疚,木
咕,木
纠,木
疙,木
券,木
穹,木
居,木
姑,木
佳,木
肩,木
届,木
卺,木
杷,木
具,木
玖,木
孤,木
枇,木
虬,木
赳,木
屈,木
咀,木
宜,木
杪,木
礿,木
佶,木
昂,木
固,木
枘,木
板,木
艿,木
枊,木
歧,木
呢,木
奇,木
京,木
技,木
其,木
杲,木
供,木
季,木
祈,木
枸,木
纥,木
俅,木
酋,木
恰,木
柙,木
狎,木
侠,木
哏,木
俏,木
虼,木
狗,木
虹,木
牮,木
契,木
革,木
哐,木
芑,木
建,木
訇,木
哄,木
芊,木
柑,木
却,木
柳,木
牯,木
咯,木
咣,木
疳,木
缸,木
冠,木
昵,木
怩,木
柿,木
肝,木
芒,木
芍,木
柱,木
故,木
竿,木
癸,木
芄,木
架,木
柝,木
枰,木
柁,木
芇,木
肛,木
尜,木
枹,木
柃,木
斫,木
轨,木
柈,木
皈,木
拈,木
畎,木
玩,木
呙,木
俆,木
扃,木
看,木
纪,木
柞,木
柴,木
姣,木
柚,木
蚧,木
既,木
胤,木
柯,木
劲,木
科,木
栅,木
矜,木
芋,木
枷,木
禺,木
彦,木
急,木
拒,木
级,木
柘,木
柲,木
奕,木
九,木
羿,木
芨,木
狙,木
拘,木
姬,木
芃,木
军,木
咭,木
韭,木
竽,木
疫,木
咳,木
界,木
客,木
叚,木
皆,木
柄,木
柢,木
俄,木
枵,木
芏,木
疥,木
枳,木
相,木
酐,木
匿,木
桕,木
股,木
缺,木
桌,木
哽,木
耕,木
臬,木
栟,木
原,土
拳,木
虔,木
耙,木
肱,木
柩,木
栢,木
桉,木
梆,木
芳,木
纭,木
倚,木
迀,木
笈,木
罟,木
肷,木
讦,木
桀,木
柏,木
拮,木
桔,木
骨,木
芡,木
绀,木
疽,木
栓,木
矩,木
哿,木
恭,木
旗,木
耆,木
娱,木
芥,木
玽,木
圄,木
拱,木
芹,木
衿,木
苡,木
家,木
笆,木
岂,木
珈,木
格,木
鬲,木
起,木
峪,木
芭,木
哥,木
痂,木
根,木
芰,木
蚣,木
贡,木
脊,土
径,木
羔,木
高,木
芮,木
记,木
芘,木
躬,木
茾,木
兼,木
芪,木
衾,木
肼,木
邕,木
祛,木
芩,木
弪,木
括,木
恝,木
芬,木
粉,木
核,木
芯,木
疴,木
桅,木
芙,木
珂,木
栩,木
恢,木
栲,木
框,木
栝,木
笊,木
砼,木
桐,木
栳,木
衮,木
桂,木
桃,木
栗,木
鬼,木
芝,木
讧,木
哭,木
婀,木
屙,木
库,木
花,木
桎,木
气,木
苊,木
桓,木
笏,木
祗,木
恐,木
拷,木
芷,木
奚,木
倥,木
哮,木
芴,木
校,木
株,木
苄,木
恪,木
桁,木
芤,木
凇,木
桊,木
芽,木
倌,木
挂,木
唁,木
秫,木
笄,木
倦,木
屐,木
娟,木
桄,木
唧,木
芟,木
倨,木
俱,木
豇,木
芫,木
狡,木
桑,木
强,木
茅,木
趼,木
趄,木
牿,木
寇,木
胛,木
苦,木
壳,木
梏,木
旎,木
苴,木
弃,木
苠,木
珙,木
苣,木
枧,木
胍,木
秸,木
婕,木
干,木
梡,木
氪,木
启,木
梅,木
眶,木
茂,木
啃,木
苜,木
茆,木
捐,木
皎,木
胩,木
徦,木
婪,木
袈,木
偶,木
蛄,木
蛱,木
捃,木
康,木
规,木
笸,木
茉,木
笳,木
笠,木
戛,木
苤,木
婧,木
竟,木
匦,木
啉,木
苓,木
偈,木
盔,木
健,木
眷,木
教,木
假,木
救,木
捍,木
悍,木
寄,木
悝,木
悃,木
苟,木
近,木
捆,木
笱,木
苛,木
桷,木
坚,木
堇,木
晤,木
苫,木
术,木
梢,木
茚,木
英,木
狭,木
轭,木
苕,木
茌,木
笙,木
茬,木
趁,木
挹,木
蛆,木
梃,木
悟,木
梵,木
唷,木
梧,木
圉,木
庾,木
倏,木
梳,木
偓,木
笞,木
偕,木
崔,木
研,木
苷,木
苒,木
笪,木
眼,木
珝,木
许,木
敢,木
若,木
痊,木
朐,木
桴,木
翊,木
枭,木
笛,木
笤,木
圈,木
悛,木
崧,木
娶,木
兜,木
悒,木
厢,木
区,木
械,木
茄,木
梓,木
笨,木
卿,木
杯,木
苾,木
茁,木
舸,木
笮,木
棁,木
苔,木
梯,木
苯,木
苎,木
苞,木
苻,木
梭,木
桫,木
桶,木
筇,木
梣,木
蚯,木
芾,木
悄,木
梐,木
彬,木
笥,木
苑,木
茇,木
符,木
顷,木
梗,木
荔,木
桠,木
荀,木
棠,木
闶,木
答,木
茯,木
贵,木
轲,木
等,木
棵,木
钪,木
荇,木
晷,木
悻,木
茴,木
筒,木
傀,木
喟,木
皓,木
贶,木
皖,木
椁,木
雅,木
闳,木
稀,木
椭,木
喉,木
猓,木
棱,木
筏,木
荒,木
厦,木
统,木
茼,木
聒,木
珶,木
筅,木
棼,木
棍,木
筐,木
羟,木
控,木
棣,木
第,木
蛞,木
驭,木
迦,木
喈,木
街,木
杰,木
结,木
草,木
策,木
傜,木
饫,木
笔,木
筋,木
茶,木
悸,木
荩,木
惊,木
阱,木
哟,木
寓,木
植,木
最,木
犍,木
棕,木
间,木
椎,木
棒,木
窖,木
茱,木
栈,木
茭,木
椒,木
蛟,木
跏,木
棹,木
绞,木
袷,木
痉,木
绛,木
荈,木
硬,木
尧,木
极,木
距,木
犋,木
楮,木
篅,木
荑,木
雁,木
椅,木
棰,木
掘,木
掩,木
茈,木
茨,木
珺,木
喀,木
开,木
嵇,木
棚,木
凯,木
掎,木
枨,木
窘,木
啾,木
几,木
茺,木
讵,木
茵,木
景,木
厩,木
掬,木
椐,木
集,木
殛,木
棘,木
戢,木
莒,木
迭,木
胳,木
掐,木
棋,木
森,木
覃,木
荃,木
棺,木
贯,木
栋,木
邱,木
袼,木
棉,木
诂,木
胱,木
雇,木
酤,木
阮,木
栖,木
期,木
欺,木
皋,木
球,木
蛐,木
筌,木
诎,木
椑,木
轱,木
荦,木
络,木
觚,木
祁,木
荏,木
乔,木
茜,木
茗,木
秆,木
笋,木
掮,木
茛,木
嵌,木
茸,木
给,木
猊,木
椋,木
茹,木
耜,木
琚,木
楦,木
靴,木
楫,木
嗄,木
肄,木
榀,木
雎,木
戡,木
竖,木
嫉,木
筻,木
颂,木
莰,木
揩,木
楷,木
慨,木
舅,木
罨,木
逆,木
椿,木
睨,木
隽,木
绢,木
裙,木
筠,木
筵,木
楠,木
群,木
义,木
杨,木
辁,木
诠,木
榱,木
业,木
傿,木
莛,木
畸,木
感,木
筢,木
茝,木
郊,木
胫,木
揭,木
嗝,木
箅,木
塥,木
倾,木
敫,木
勤,木
琴,木
荸,木
佥,木
桢,木
荚,木
诘,木
楗,木
笕,木
罪,木
樯,木
拣,木
呛,木
跤,木
绠,木
愆,木
毽,木
嫁,木
箝,木
愀,木
跟,木
睫,木
孳,木
靳,木
彀,木
揪,木
迥,木
诟,木
敬,木
楹,木
麂,木
椰,木
睛,木
颀,木
茎,木
经,木
槎,木
减,木
瘐,木
解,木
筴,木
楸,木
预,木
祺,木
猹,木
仅,木
搽,木
琦,木
榆,木
愚,木
莠,木
禁,木
莆,木
琪,木
莨,木
琨,木
苋,木
陔,木
荽,木
莪,木
暌,木
嗬,木
猴,木
娩,木
荻,木
筘,木
荼,木
啬,木
皙,木
歇,木
椹,木
廓,木
椴,木
赅,木
逅,木
莎,木
愕,木
莽,木
蒯,木
嗑,木
该,木
痼,木
管,木
楣,木
楔,木
蛾,木
诓,木
珷,木
莞,木
莓,木
暇,木
概,木
楝,木
荷,木
戤,木
筲,木
夸,木
斡,木
髡,木
廉,木
莩,木
诡,木
诖,木
窠,木
筮,木
跪,木
琳,木
莘,木
枫,木
窟,木
嗓,木
稞,木
募,木
戥,木
揆,木
莉,木
楞,木
箐,木
箢,木
截,木
匮,木
菜,木
歌,木
伪,木
槊,木
睽,木
菽,木
菲,木
萸,木
萁,木
榧,木
语,木
赇,木
廑,木
萎,木
紧,木
妪,木
暨,木
竭,木
逑,木
綦,木
跽,木
骱,木
诫,木
愧,木
菡,木
魁,木
菔,木
榨,木
算,木
诮,木
菢,木
榔,木
降,木
瘕,木
榫,木
郠,木
榜,木
侨,木
搴,木
绲,木
菱,木
萄,木
笺,木
菅,木
歉,木
菹,木
菝,木
敲,木
搛,木
戬,木
枪,木
榻,木
僭,木
箧,木
蜾,木
菑,木
菀,木
萆,木
搿,木
酵,木
葺,木
逛,木
寨,木
轻,木
菟,木
筝,木
莱,木
瑗,木
侥,木
肇,木
嘎,木
嘉,木
郏,木
僬,木
帼,木
榴,木
个,土
菶,木
榛,木
饺,木
兢,木
蜷,木
椽,木
箕,木
瑟,木
箍,木
裉,木
槈,木
箫,木
箜,木
绮,木
纲,木
萜,木
菙,木
疑,木
赫,木
榘,木
萌,木
箄,木
菇,木
菊,木
菘,木
槐,木
裾,木
萑,木
箬,木
墓,木
萏,木
菪,木
幕,木
萃,木
萘,木
犒,木
鼓,木
忾,木
榕,木
赶,木
烟,火
厌,木
伙,火
盖,木
郡,木
菌,木
皲,木
榭,木
榷,木
榍,木
绻,木
凳,木
菰,木
荣,木
菖,木
篪,木
郜,木
桤,木
诰,木
瘊,木
嘁,木
裴,木
萤,木
搞,木
郢,木
摁,木
菥,木
苌,木
骷,木
迳,木
槁,木
菁,木
杩,木
睾,木
褂,木
瘗,木
巯,木
樠,木
萋,木
酷,木
构,木
僦,木
腈,木
蜴,木
筷,木
菩,木
膏,木
瑰,木
赓,木
枞,木
稼,木
荭,木
郴,木
葱,木
稿,木
噔,木
樊,木
篌,木
葶,木
稻,木
叽,木
俭,木
谷,木
掴,木
萹,木
槲,木
箯,木
橄,木
广,木
标,木
葛,木
妫,木
葫,木
瘠,木
巩,木
槽,木
蝗,木
稷,木
驾,木
樗,木
葑,木
稽,木
赍,木
挤,木
篁,木
缉,木
箣,木
郭,木
葭,木
葆,木
价,木
蒂,木
妩,木
茕,木
萩,木
蒈,木
蝤,木
葚,木
踞,木
枢,木
葰,木
樘,木
葳,木
蒍,木
羯,木
莴,木
庆,木
獍,木
葸,木
儆,木
瞎,木
贤,木
缃,木
葙,木
箱,木
槿,木
蝎,木
萱,木
椠,木
篇,木
葵,木
诳,木
款,木
宽,木
醌,木
阃,木
侩,木
楼,木
面,木
模,木
侉,木
穷,木
葩,木
慷,木
葡,木
抠,木
缂,木
槭,木
课,木
葜,木
悭,木
蝌,木
瞌,木
颏,木
靠,木
驹,木
耦,木
娇,木
脚,木
莹,木
荮,木
箴,木
翦,木
樟,木
胶,木
僵,木
媵,木
贱,木
葬,木
腱,木
萭,木
窳,木
箭,木
样,木
苇,木
桨,木
楂,木
噍,木
仪,木
颉,木
桩,木
谊,木
箸,木
醉,木
毅,木
桥,木
嚆,木
蓖,木
檠,木
樾,木
憔,木
樵,木
樽,木
亲,木
鞘,木
骼,木
橇,木
膈,木
蒿,木
擒,木
檎,木
篦,木
螓,木
愦,木
撬,木
鼽,木
筑,木
掼,木
梦,木
篥,木
蓓,木
蒸,木
毂,木
莅,木
辊,木
嘴,木
蓁,木
黔,木
过,木
篆,木
朴,木
荜,木
器,木
龟,木
筚,木
蒲,木
褰,木
鸪,木
县,木
苍,木
嬴,木
萦,木
樨,木
蒽,木
噩,木
遏,木
橙,木
萼,木
阏,木
鄂,木
谔,木
篚,木
篘,木
颖,木
树,木
缢,木
笃,木
橡,木
筱,木
啸,木
谐,木
蓄,木
窑,木
阎,木
莼,木
谚,木
饿,木
阈,木
磬,木
蔀,木
篰,木
遒,木
遇,木
糗,木
趋,木
缟,木
糕,木
篙,木
鸲,木
磲,木
蓊,木
桡,木
圜,木
蓉,木
蓐,木
鄀,木
筛,木
莳,木
蒴,木
噶,木
蒜,木
莜,木
荪,木
蓑,木
窥,木
尴,木
窭,木
徼,木
髻,木
冀,木
哙,木
缙,木
骺,木
慌,木
噤,木
颈,木
憬,木
蒺,木
橘,木
挢,木
踽,木
剂,木
墼,木
畿,木
鄄,木
橛,木
麇,木
机,木
瞰,木
荤,木
裤,木
桦,木
隍,木
眍,木
举,木
犟,木
缣,木
横,木
耩,木
谏,木
颊,木
蒹,木
踺,木
鸽,木
玑,木
謇,木
蔗,木
艰,木
蕖,木
阒,木
箦,木
激,木
篸,木
屦,木
蔽,木
据,木
簌,木
擀,木
糠,木
捡,木
媾,木
购,木
赚,木
蹊,木
篝,木
癀,木
谦,木
罄,木
蒡,木
击,木
髁,木
桧,木
瞧,木
颗,木
栉,木
豁,木
擎,木
檦,木
检,木
鲒,木
瞪,木
蓿,木
档,木
蔫,木
簇,木
蔟,木
苁,木
檀,木
檐,木
觊,木
阶,木
蔌,木
鲛,木
蓬,木
荫,木
矫,木
营,木
尝,木
狱,木
蔡,木
岳,木
柽,木
鞫,木
鞠,木
蔚,木
檄,木
璟,木
檗,木
魈,木
蓰,木
懂,木
辖,木
蒋,木
飓,木
御,木
哜,木
篼,木
蔸,木
罅,木
讲,木
蝈,木
挎,木
栏,木
茑,木
篓,木
馆,木
簋,木
簏,木
蒌,木
甍,木
蔑,木
狯,木
懋,木
蔓,木
檑,木
鸹,木
蔻,木
亏,木
馘,木
敛,木
檩,木
联,木
篾,木
莲,木
恳,木
蓼,木
鹃,木
瞢,木
蕉,木
蜮,木
穑,木
荨,木
璩,木
荛,木
蕤,木
蒇,木
檫,木
箪,木
瞿,木
莸,木
荬,木
鹆,木
糨,木
拦,木
觑,木
鬈,木
酱,木
蕊,木
柜,木
蕈,木
簦,木
谨,木
蕫,木
糇,木
归,木
鲫,木
蔬,木
颜,木
觐,木
鹅,木
额,木
簟,木
芜,木
蓥,木
鲧,木
梼,木
隗,木
黠,木
旧,木
槌,木
蕺,木
蕃,木
虮,木
颚,木
疖,木
蝇,木
魏,木
腻,木
鹄,木
篑,木
簪,木
简,木
荞,木
隔,木
鲠,木
簧,木
槛,木
获,木
蒉,木
聩,木
谫,木
骒,木
蕙,木
翘,木
蟥,木
柠,木
窍,木
荐,木
鲣,木
犄,木
绕,木
襁,木
鄡,木
拟,木
瞽,木
苘,木
蕞,木
搁,木
蕨,木
躯,木
槟,木
睑,木
遘,木
裥,木
骑,木
芸,木
骐,木
跷,木
薛,木
蚁,木
薪,木
蔷,木
枥,木
橹,木
遗,木
莶,木
橱,木
旷,木
鲸,木
蓟,木
椟,木
绔,木
麒,木
萧,木
馑,木
髂,木
撷,木
薋,木
蹬,木
栎,木
襟,木
签,木
攀,木
薤,木
蟹,木
肖,木
愿,木
讥,木
萨,木
缴,木
薜,木
胯,木
臌,木
犷,木
姜,木
鲵,木
醛,木
难,木
蓣,木
扩,木
缰,木
脍,木
簸,木
鲲,木
黢,木
蕻,木
缲,木
薏,木
薯,木
蕹,木
麓,木
薅,木
荟,木
薇,木
薨,木
谎,木
关,木
轿,木
醮,木
蕾,木
鬏,木
藏,木
橼,木
熏,水
邀,木
篮,木
黦,木
榇,木
严,木
篡,木
藊,木
纂,木
筹,木
槠,木
舰,木
议,木
橥,木
郐,木
馈,木
蓝,木
藁,木
鳄,木
籍,木
牺,木
薹,木
榉,木
龃,木
纩,木
檬,木
薷,木
遽,木
悬,木
醵,木
鹗,木
觉,木
劝,木
阚,木
鳅,木
琼,木
蠖,木
攉,木
鳇,木
骞,木
喾,木
荠,木
蛴,木
脐,木
篷,木
藐,木
警,木
跨,木
栊,木
藉,木
栌,木
继,木
竞,木
献,木
鹘,木
藨,木
饥,木
莺,木
藕,木
鹣,木
藤,木
赆,木
樱,木
歼,木
鞒,木
夔,木
药,木
龈,木
嚣,木
顾,木
鳏,木
鸡,木
茧,木
驱,木
艺,木
薮,木
颢,木
藜,木
饶,木
龉,木
茏,木
笼,木
权,木
蘑,木
鬻,木
蕴,木
籁,木
氍,木
俨,木
蔺,木
苈,木
蔼,木
苏,木
苹,木
赝,木
蕲,木
龚,木
篯,木
邝,木
蘅,木
瓘,木
芦,木
惧,木
鼹,木
瘿,木
骄,木
孽,木
蘖,木
蓦,木
蛊,木
鹬,木
芗,木
蔹,木
藿,木
兰,木
痈,木
椤,木
验,木
藓,木
鳜,木
鹪,木
鹫,木
蘩,木
驿,木
癯,木
蘧,木
蠲,木
鹰,木
攥,木
羁,木
搅,木
衢,木
黉,木
鞯,木
蓠,木
魇,木
酿,木
簖,木
鲎,木
龋,木
赣,木
霭,木
腭,木
篱,木
榄,木
缵,木
鲚,木
萝,木
观,木
箩,木
蘸,木
髋,木
躜,木
蠼,木
阄,木
谳,木
颧,木
酽,木
棂,木
笾,木
戆,木
勻,木
劄,木
國,木
扡,木
見,木
吳,木
嚇,木
夾,木
兗,木
臥,木
東,木
哢,木
糾,木
屆,木
巹,木
虯,木
紇,木
俠,木
卻,木
軌,木
咼,木
紀,木
勁,木
柵,木
彥,木
級,木
軍,木
紜,木
膁,木
訐,木
紺,木
娛,木
豈,木
貢,木
徑,木
記,木
弳,木
袞,木
訌,木
庫,木
氣,木
棬,木
掛,木
強,木
殼,木
棄,木
梘,木
幹,木
啟,木
蛺,木
規,木
匭,木
堅,木
術,木
狹,木
軛,木
許,木
梟,木
廂,木
區,木
苧,木
頃,木
椏,木
閌,木
貴,木
軻,木
鈧,木
貺,木
槨,木
閎,木
橢,木
廈,木
統,木
羥,木
馭,木
傑,木
結,木
飫,木
筆,木
藎,木
驚,木
喲,木
間,木
棧,木
絞,木
痙,木
絳,木
堯,木
極,木
開,木
凱,木
棖,木
幾,木
詎,木
廄,木
貫,木
棟,木
詁,木
棲,木
詘,木
軲,木
犖,木
絡,木
喬,木
稈,木
筍,木
給,木
豎,木
頌,木
雋,木
絹,木
義,木
楊,木
輇,木
詮,木
業,木
脛,木
傾,木
僉,木
楨,木
莢,木
詰,木
筧,木
檣,木
揀,木
嗆,木
綆,木
詬,木
頎,木
莖,木
經,木
減,木
預,木
僅,木
莧,木
呵,水
嗇,木
賅,木
該,木
誆,木
誇,木
詭,木
詿,木
楓,木
匱,木
偽,木
語,木
賕,木
緊,木
嫗,木
誡,木
誚,木
僑,木
緄,木
箋,木
戩,木
槍,木
篋,木
輕,木
箏,木
萊,木
僥,木
郟,木
幗,木
個,土
餃,木
簫,木
綺,木
綱,木
愾,木
趕,木
煙,火
厭,木
夥,火
蓋,木
皸,木
綣,木
榮,木
榿,木
誥,木
螢,木
萇,木
逕,木
榪,木
瘞,木
巰,木
構,木
賡,木
樅,木
葒,木
蔥,木
嘰,木
儉,木
穀,木
摑,木
廣,木
標,木
媯,木
鞏,木
駕,木
齎,木
擠,木
緝,木
價,木
嫵,木
煢,木
樞,木
萵,木
慶,木
賢,木
緗,木
蠍,木
槧,木
誑,木
寬,木
閫,木
儈,木
樓,木
窮,木
摳,木
緙,木
課,木
慳,木
頦,木
駒,木
嬌,木
腳,木
瑩,木
葤,木
膠,木
賤,木
樣,木
葦,木
槳,木
儀,木
頡,木
樁,木
誼,木
橋,木
親,木
憒,木
築,木
摜,木
夢,木
轂,木
蒞,木
輥,木
過,木
樸,木
蓽,木
龜,木
篳,木
鴣,木
縣,木
蒼,木
縈,木
閼,木
諤,木
穎,木
樹,木
縊,木
篤,木
嘯,木
諧,木
窯,木
閻,木
蓴,木
諺,木
餓,木
閾,木
趨,木
縞,木
鴝,木
橈,木
篩,木
蒔,木
蓧,木
蓀,木
窺,木
尷,木
窶,木
噲,木
縉,木
頸,木
撟,木
劑,木
機,木
葷,木
褲,木
樺,木
瞘,木
舉,木
縑,木
橫,木
諫,木
頰,木
鴿,木
璣,木
艱,木
闃,木
簀,木
屨,木
據,木
撿,木
購,木
賺,木
謙,木
擊,木
檜,木
顆,木
櫛,木
檢,木
鮚,木
檔,木
蓯,木
簷,木
覬,木
階,木
鮫,木
蔭,木
矯,木
營,木
嘗,木
獄,木
嶽,木
檉,木
轄,木
蔣,木
颶,木
禦,木
嚌,木
講,木
蟈,木
欄,木
蔦,木
簍,木
館,木
蔞,木
獪,木
鴰,木
虧,木
斂,木
檁,木
聯,木
蓮,木
懇,木
鵑,木
穡,木
蕁,木
蕘,木
蕆,木
簞,木
蕕,木
蕒,木
鵒,木
攔,木
覷,木
醬,木
櫃,木
謹,木
餱,木
歸,木
鯽,木
顏,木
覲,木
鵝,木
額,木
蕪,木
鎣,木
鯀,木
檮,木
舊,木
蟣,木
顎,木
癤,木
蠅,木
膩,木
鵠,木
簣,木
簡,木
蕎,木
鯁,木
檻,木
獲,木
蕢,木
聵,木
譾,木
騍,木
翹,木
檸,木
竅,木
薦,木
鰹,木
繞,木
繈,木
擬,木
檾,木
擱,木
軀,木
檳,木
瞼,木
襇,木
騎,木
騏,木
蹺,木
蟻,木
薔,木
櫪,木
櫓,木
遺,木
薟,木
櫥,木
曠,木
鯨,木
薊,木
櫝,木
絝,木
蕭,木
饉,木
擷,木
櫟,木
簽,木
願,木
譏,木
薩,木
繳,木
獷,木
薑,木
鯢,木
難,木
蕷,木
擴,木
韁,木
膾,木
鯤,木
繰,木
薈,木
謊,木
關,木
轎,木
櫞,木
籃,木
櫬,木
嚴,木
籌,木
櫧,木
艦,木
議,木
櫫,木
鄶,木
饋,木
藍,木
鱷,木
犧,木
櫸,木
齟,木
纊,木
懸,木
鶚,木
覺,木
勸,木
闞,木
鰍,木
瓊,木
鰉,木
騫,木
嚳,木
薺,木
蠐,木
臍,木
櫳,木
櫨,木
繼,木
競,木
獻,木
鶻,木
饑,木
鶯,木
鶼,木
贐,木
櫻,木
殲,木
鞽,木
藥,木
齦,木
囂,木
顧,木
鰥,木
雞,木
繭,木
驅,木
藝,木
藪,木
顥,木
饒,木
齬,木
蘢,木
籠,木
權,木
蘊,木
籟,木
儼,木
藺,木
藶,木
藹,木
蘇,木
蘋,木
贗,木
蘄,木
龔,木
鄺,木
蘆,木
懼,木
鼴,木
癭,木
驕,木
驀,木
蠱,木
鷸,木
薌,木
蘞,木
蘭,木
癰,木
欏,木
驗,木
蘚,木
鱖,木
鷦,木
鷲,木
驛,木
臒,木
鷹,木
羈,木
攪,木
黌,木
韉,木
蘺,木
魘,木
釀,木
籪,木
鱟,木
齲,木
贛,木
靄,木
齶,木
籬,木
欖,木
纘,木
鱭,木
蘿,木
觀,木
籮,木
髖,木
躦,木
鬮,木
讞,木
顴,木
釅,木
欞,木
籩,木
戇,木
勹,水
乜,水
卜,水
亡,水
凡,水
子,水
下,水
片,水
勿,水
丬,水
方,水
比,水
攴,水
反,水
分,水
文,水
不,水
毋,水
夫,水
互,水
水,水
巴,水
歹,水
毛,水
幻,水
户,水
父,水
匹,水
壬,水
化,水
卅,水
北,水
弗,水
穴,水
疋,水
布,水
半,水
弘,水
末,水
付,水
兄,水
目,水
包,水
仫,水
乎,水
丕,水
白,水
母,水
皮,水
玄,水
仨,水
矛,水
夯,水
皿,水
弁,水
禾,水
卟,水
叵,水
必,水
閟,水
匝,水
叭,水
民,水
氕,水
平,水
匆,水
血,水
冱,水
仳,水
米,水
休,水
伐,水
帆,水
凼,水
汀,水
回,水
缶,水
牝,水
份,水
伏,水
名,水
向,水
冰,水
行,水
妃,水
收,水
仿,水
纟,水
犯,水
泛,水
刑,水
乒,水
凶,水
危,水
印,水
百,水
亥,水
汁,水
好,水
牟,水
合,水
扒,水
尿,水
吥,水
伻,水
汐,水
希,水
佛,水
汛,水
弝,水
冷,水
况,水
妘,水
否,水
忘,水
呋,水
江,水
妤,水
别,水
亨,水
步,水
即,水
汲,水
孚,水
贝,水
孝,水
戒,水
汜,水
呆,水
罕,水
汗,水
每,水
汝,水
吧,水
含,水
芈,水
夿,水
汕,水
忙,水
尾,水
妨,水
妣,水
吡,水
彷,水
佊,水
妞,水
吠,水
污,水
皀,水
兵,水
妙,水
尨,水
甫,水
汊,水
孛,水
伯,水
伴,水
屁,水
形,水
伾,水
囫,水
佝,水
汞,水
池,水
弧,水
宏,水
阜,水
忸,水
咐,水
房,水
扭,水
彼,水
汴,水
汰,水
非,水
汹,水
屄,水
姆,水
和,水
把,水
沉,水
沂,水
沘,水
宓,水
呼,水
放,水
汨,水
版,水
沛,水
门,水
侔,水
沌,水
没,水
函,水
汔,水
汽,水
扮,水
妹,水
姅,水
孟,水
沁,水
虎,水
岸,水
帛,水
沆,水
咂,水
侅,水
汪,水
盲,水
沚,水
畀,水
状,水
狃,水
瓝,水
汳,水
冈,水
抃,水
沏,水
沙,水
忭,水
沈,水
卦,水
沅,水
咆,水
扳,水
抛,水
府,水
庖,水
劾,水
冼,水
攽,水
忻,水
物,水
奉,水
殁,水
武,水
雨,水
牧,水
秉,水
沐,水
汩,水
弦,水
孢,水
扶,水
享,水
并,水
帔,水
幷,水
命,水
或,水
汶,水
汾,水
氛,水
幸,水
味,水
朋,水
忿,水
佫,水
泐,水
沃,水
卑,水
表,水
批,水
爸,水
勉,水
叛,水
泡,水
疱,水
泊,水
怖,水
哞,水
沔,水
屏,水
泣,水
咪,水
拍,水
沭,水
哺,水
拇,水
泅,水
眇,水
窆,水
披,水
秒,水
姘,水
盼,水
勃,水
便,水
昪,水
眅,水
拚,水
怦,水
毗,水
抨,水
抿,水
抹,水
柒,水
沫,水
某,水
哌,水
波,水
泮,水
咩,水
玟,水
狍,水
弭,水
泌,水
泯,水
匍,水
炬,水
拂,水
侯,水
怫,水
巷,水
香,水
计,水
沽,水
背,水
竑,水
甭,水
沮,水
氟,水
盈,水
红,水
拜,水
祊,水
姥,水
封,水
徊,水
泳,水
俘,水
泓,水
虺,水
泫,水
负,水
泔,水
讣,水
拌,水
怙,水
皇,水
后,水
拊,水
厚,水
妍,水
卸,水
沿,水
保,水
泄,水
衍,水
抱,水
罘,水
泱,水
玢,水
狐,水
疤,水
眉,水
泰,水
沼,水
美,水
油,水
风,水
沾,水
毖,水
拔,水
法,水
泖,水
昴,水
冒,水
治,水
沲,水
玫,水
泗,水
哈,水
泠,水
泉,水
泵,水
沸,水
扁,水
昧,水
很,水
畈,水
孩,水
河,水
沱,水
飞,水
虻,水
航,水
祜,水
纽,水
邗,水
蚶,水
氦,水
害,水
耗,水
亩,水
洪,水
盍,水
狠,水
恨,水
哼,水
恒,水
候,水
敉,水
氨,水
匪,水
眄,水
洛,水
肥,水
眠,水
马,水
秘,水
舫,水
倗,水
肪,水
纷,水
洣,水
邙,水
旄,水
洱,水
娥,水
臭,水
洞,水
纺,水
活,水
秤,水
秣,水
釜,水
俯,水
洄,水
蚨,水
恚,水
祓,水
肺,水
俳,水
勐,水
洹,水
配,水
洎,水
浃,水
津,水
酒,水
俸,水
峰,水
珉,水
洌,水
服,水
倴,水
讫,水
玻,水
豹,水
砵,水
趵,水
洼,水
洋,水
洧,水
洳,水
耘,水
般,水
畚,水
病,水
杀,水
珀,水
拼,水
洴,水
俜,水
玶,水
娉,水
俵,水
悖,水
洽,水
洇,水
胁,水
屑,水
恤,水
倍,水
圃,水
洫,水
哱,水
呗,水
娑,水
凄,水
旁,水
纱,水
洵,水
拶,水
袢,水
洲,水
畔,水
洙,水
庯,水
恂,水
派,水
舭,水
纹,水
俾,水
蚊,水
秕,水
珌,水
蚍,水
疲,水
粑,水
髟,水
训,水
毪,水
洮,水
舨,水
效,水
麻,水
绊,水
讻,水
偝,水
涒,水
瓠,水
眯,水
扈,水
啡,水
洚,水
匾,水
雪,水
浜,水
虚,水
唇,水
妇,水
浦,水
渠,水
消,水
婚,水
庳,水
邪,水
婢,水
绋,水
狴,水
涉,水
匐,水
涎,水
敝,水
货,水
闭,水
毕,水
返,水
挲,水
曼,水
贩,水
被,水
涂,水
患,水
婞,水
凰,水
趺,水
胞,水
袤,水
浼,水
挟,水
悔,水
浮,水
访,水
彗,水
晦,水
麦,水
讹,水
贬,水
艴,水
偪,水
胈,水
流,水
盒,水
偏,水
蚵,水
偎,水
胖,水
胚,水
脬,水
海,水
逼,水
袍,水
匏,水
浴,水
浸,水
痕,水
徧,水
票,水
浞,水
酚,水
浛,水
捕,水
涅,水
浯,水
酣,水
浪,水
涔,水
舶,水
豝,水
浙,水
捌,水
浩,水
唪,水
眸,水
啤,水
徘,水
殍,水
毫,水
髙,水
涓,水
唬,水
唿,水
雩,水
邟,水
苗,水
够,水
晚,水
婆,水
泾,水
冕,水
邦,水
涑,水
粕,水
狈,水
习,水
喵,水
贫,水
彪,水
旆,水
觅,水
鱼,水
密,水
浚,水
婊,水
邠,水
涌,水
败,水
班,水
烹,水
浠,水
珢,水
敏,水
无,水
邶,水
泪,水
备,水
冯,水
现,水
喜,水
贲,水
涞,水
淅,水
闲,水
稃,水
跗,水
荆,水
喝,水
惚,水
液,水
欹,水
淫,水
淤,水
贺,水
淯,水
涫,水
渊,水
訸,水
涸,水
傅,水
跋,水
涯,水
诃,水
胲,水
淏,水
顸,水
粥,水
绗,水
邯,水
涵,水
喊,水
淄,水
云,水
唤,水
惑,水
项,水
耠,水
淆,水
混,水
惠,水
报,水
绁,水
涪,水
蛔,水
袱,水
幅,水
阪,土
棓,水
淹,水
涬,水
雄,水
傍,水
绑,水
淮,水
雯,水
富,水
湴,水
淦,水
徇,水
蛤,水
悲,水
徨,水
皕,水
淇,水
淟,水
淳,水
浅,水
清,水
猛,水
闷,水
扪,水
寐,水
媚,水
淑,水
媒,水
揙,水
渃,水
弼,水
帽,水
贸,水
脎,水
发,水
蛑,水
番,水
深,水
邲,水
茫,水
诐,水
赑,水
邴,水
排,水
牌,水
跛,水
淖,水
博,水
捧,水
邳,水
寒,水
钚,水
瓿,水
痞,水
啵,水
普,水
跑,水
脒,水
彭,水
淼,水
幖,水
描,水
迫,水
涮,水
黾,水
猋,水
淞,水
幂,水
淡,水
胼,水
悱,水
傌,水
凉,火
凌,火
渌,水
添,水
斐,水
扉,水
涴,水
买,水
淘,水
琫,水
淌,水
絣,水
防,水
淋,水
婓,水
淝,水
脉,水
沦,水
邡,水
迸,水
瓶,水
郱,水
渶,水
聘,水
游,水
渝,水
颁,水
愍,水
湓,水
傰,水
港,水
熙,水
饭,水
琥,水
裘,水
猢,水
斒,水
湮,水
斑,水
渴,水
犏,水
轷,水
禀,水
微,水
渺,水
郈,水
湖,水
渚,水
貉,水
浈,水
涡,水
嗥,水
渤,水
滞,水
雷,水
浑,水
煮,水
脲,水
傼,水
湃,水
补,水
琶,水
沨,水
湳,水
媲,水
剽,水
摒,水
飑,水
渭,水
脖,水
睥,水
莫,水
渥,水
酩,水
貊,水
蜂,水
渣,水
测,水
琵,水
湛,水
粱,水
靶,水
渫,水
涣,水
汇,水
痹,水
渼,水
惹,水
茳,水
渡,水
挥,水
湍,水
湟,水
鸠,水
辟,水
脯,水
豢,水
晖,水
毁,水
绥,水
凫,水
陂,水
湘,水
汤,水
哔,水
会,水
湔,水
惶,水
愊,水
喙,水
愎,水
吗,水
贿,水
湉,水
湄,水
贾,水
滁,水
惼,水
稖,水
渲,水
妈,水
郇,水
较,水
迷,水
湋,水
溆,水
湫,水
盟,水
换,水
粳,水
琠,水
搒,水
币,水
鼻,水
偾,水
疯,水
郛,水
复,水
沟,水
搏,水
翡,水
蝂,水
逋,水
滀,水
溯,水
稨,水
滗,水
阁,水
孵,水
僰,水
箔,水
腓,水
绷,水
弊,水
凤,水
滏,水
腑,水
宾,水
碧,水
绯,水
裱,水
嘏,水
寡,水
涤,水
嘣,水
逢,水
搬,水
嗨,水
饱,水
福,水
裨,水
菠,水
蜚,水
滮,水
腐,水
沧,水
驳,水
馝,水
飒,水
华,水
溥,水
漓,水
蜞,水
痪,水
灭,水
溱,水
瞄,水
溧,水
仆,水
溽,水
滉,水
猾,水
滑,水
绵,水
饲,水
溏,水
珲,水
蜜,水
嘧,水
网,水
溦,水
溶,水
蜱,水
陌,水
么,火
祸,水
溷,水
滂,水
溘,水
魂,水
闽,水
脾,水
滔,水
诲,水
暝,水
溟,水
嘌,水
嫖,水
冥,水
萍,水
颇,水
滥,水
鸣,水
嫫,水
滈,水
髦,水
熊,水
溴,水
牦,水
闻,水
溻,水
窨,水
菏,水
瑁,水
犸,水
踅,水
溢,水
荥,水
豪,水
幔,水
嘛,水
滋,水
滓,水
阂,水
郗,水
溜,火
蜢,水
艋,水
酶,水
瑚,水
舞,水
瞀,水
郚,水
漘,水
慢,水
范,水
醇,水
摸,水
满,水
霆,水
鲂,水
摩,水
蝽,水
漠,水
浐,水
鞔,水
缅,水
嘭,水
缈,水
蝥,水
缗,水
漱,水
貌,水
魅,水
墨,水
猫,水
瞑,水
幡,水
漭,水
赔,水
醅,水
庙,水
漫,水
喷,水
滴,水
嬉,水
憋,水
写,水
勰,水
鸨,水
虾,水
褒,水
辈,水
褙,水
骳,水
奔,水
瘟,水
逶,水
饷,水
颍,水
震,水
涨,水
漳,水
鲃,水
魃,水
褓,水
渔,水
渗,水
漪,水
漾,水
瘢,水
演,水
魬,水
漩,水
罢,水
踣,水
卖,水
饼,水
漂,水
翩,水
陴,水
万,水
葧,水
麃,水
盘,土
餔,水
蒎,水
部,水
郫,水
憩,水
漕,水
陛,水
腷,水
娆,水
駜,水
髲,水
摽,水
蝙,水
慕,水
褊,水
漆,水
缏,水
噗,水
魄,水
漽,水
编,水
肤,水
诽,水
履,水
漉,水
憨,水
漏,水
滹,水
漶,水
劢,水
蝜,水
渐,水
蝮,水
凛,水
麸,水
腹,水
麾,水
哗,水
蝠,水
漤,水
浒,水
澉,水
沪,水
滚,水
虢,水
涟,水
浆,水
颌,水
逭,水
辉,水
码,水
汉,水
缑,水
慧,水
踝,水
撖,水
祃,水
渍,水
玛,水
赋,水
驸,水
落,水
溃,水
浇,水
洁,水
澎,水
傧,水
频,水
廨,水
膨,水
噱,水
阌,水
骈,水
惫,水
耪,水
瞟,水
螟,水
醐,水
阍,水
讽,水
鲆,水
陪,水
泼,水
哕,水
饽,水
糒,水
凝,水
拨,水
霍,水
霓,水
瘭,水
膊,水
宪,水
涧,水
谝,水
鲌,水
鲍,水
澄,水
馞,水
默,水
瘼,水
讳,水
潺,水
瓢,水
虣,水
馄,水
潮,水
澈,水
撇,水
蹁,水
鄅,水
鞞,水
渑,水
澌,水
鲋,水
潭,水
霖,水
霏,水
鲅,水
觱,水
潜,水
烫,水
翮,水
蒙,水
悯,水
骇,水
沄,水
霎,水
澳,水
颔,水
润,水
瞒,水
骂,水
撒,水
翰,水
蚂,水
鮅,水
潲,水
寰,水
嬖,水
氆,水
螨,水
扑,水
愤,水
沩,水
腼,水
澍,水
学,水
涠,水
潼,水
潘,水
谋,水
抚,水
甏,水
隈,水
奋,水
醚,水
兴,水
霈,水
骸,水
浔,水
播,水
遑,水
涝,水
遍,水
潦,水
办,水
辨,水
潢,水
幞,水
禧,水
褾,水
跸,水
皤,水
臂,水
觳,水
浍,水
缥,水
螵,水
嫔,水
濉,水
璜,水
隳,水
浣,水
璞,水
豳,水
擐,水
缚,水
澧,水
谜,水
糜,水
潚,水
谧,水
鼢,水
貔,水
泶,水
膜,水
帮,水
癍,水
谤,水
蒗,水
獬,水
缝,水
阔,水
摹,水
浊,水
憾,水
嬷,水
缦,水
撼,水
澶,水
繁,水
鲟,水
蟒,水
弥,水
澡,水
鼾,水
蟊,水
潞,水
嚎,水
澹,水
醢,水
霜,水
璠,水
点,水
擘,水
韩,水
鸿,水
蟠,水
霞,水
乡,水
浓,水
淀,水
亵,水
诨,水
濂,水
鲞,水
髀,水
湿,水
奰,水
鼥,水
穗,水
鄙,水
鞭,水
蹒,水
杂,水
赙,水
鄚,水
癖,水
濡,水
濯,水
隙,水
缋,水
涩,水
谩,水
鲨,水
翻,水
毙,水
荡,水
蟪,水
蟛,水
袯,水
鹁,水
馎,水
鲩,水
濞,水
鄤,水
殡,水
蹩,水
馍,水
谟,水
鄍,水
闯,水
滨,水
阖,水
黻,水
貘,水
鞴,水
摈,水
馥,水
泞,水
朦,水
鄠,水
涛,水
濠,水
飚,水
济,水
濮,水
覆,水
鯆,水
鵏,水
獯,水
鲴,水
瓣,水
渖,水
滢,水
霪,水
羹,水
雾,水
鹎,水
鞲,水
泻,水
鄱,水
浏,水
渎,水
懵,水
瀑,水
蹼,水
谱,水
靡,水
薄,水
泺,水
祢,水
嚯,水
绘,水
懑,水
瀌,水
骗,水
鹑,水
溅,水
蠓,水
瘪,水
猎,水
襞,水
扰,水
瀍,水
鲱,水
簿,水
湎,水
蹯,水
缳,水
醭,水
瀣,水
瀜,水
瀞,水
膀,水
龅,水
濑,水
蠙,水
膑,水
魔,水
鹕,水
瀖,水
譬,水
罴,水
咸,水
沥,水
潇,水
蠛,水
黼,水
迈,水
怀,水
鬕,水
嚷,水
颟,水
潴,水
还,水
馒,水
避,水
襣,水
躄,水
泸,水
濒,水
辫,水
缤,水
邂,水
泷,水
鲾,水
瀛,水
鳆,水
瀚,水
鹛,水
蚝,水
鳊,水
露,水
黯,水
灂,水
瀵,水
霸,水
瀿,水
藩,水
瀷,水
猕,水
醺,水
瀹,水
潋,水
邈,水
轰,水
鳍,水
瀼,水
护,水
襮,水
骠,水
霹,水
辩,水
鼙,水
瀐,水
飙,水
澜,水
膘,水
攘,水
鹤,水
缬,水
骅,水
潆,水
鳖,水
边,水
艨,水
鳗,水
滠,水
瓤,水
穰,水
獾,水
霾,水
欢,水
藻,水
灌,水
飨,水
鳔,水
鳕,水
响,水
霁,水
耱,水
携,水
沣,水
鳘,水
鲼,水
滩,水
鬟,水
禳,水
洒,水
鷩,水
霉,水
变,水
鬓,水
躞,水
髌,水
颦,水
辔,水
蚌,水
鹱,水
灏,水
蛮,水
酆,水
襻,水
灞,水
漯,水
蘼,水
湾,水
滦,水
戅,水
郁,水
骉,水
滟,水
蔔,水
爿,水
戶,水
氹,水
糸,水
況,水
別,水
貝,水
羋,水
汙,水
洶,水
門,水
沒,水
狀,水
岡,水
拋,水
歿,水
並,水
皰,水
麅,水
計,水
紅,水
負,水
訃,水
後,水
風,水
飛,水
紐,水
畝,水
馬,水
紛,水
紡,水
浹,水
瑉,水
訖,水
窪,水
殺,水
脅,水
唄,水
淒,水
紗,水
紋,水
訓,水
絆,水
訩,水
虛,水
婦,水
紼,水
貨,水
閉,水
畢,水
販,水
塗,水
挾,水
訪,水
麥,水
訛,水
貶,水
夠,水
涇,水
狽,水
習,水
貧,水
覓,水
魚,水
湧,水
敗,水
無,水
淚,水
備,水
馮,水
現,水
賁,水
淶,水
閑,水
荊,水
賀,水
淵,水
訶,水
頇,水
絎,水
雲,水
喚,水
項,水
報,水
絏,水
綁,水
淺,水
悶,水
捫,水
貿,水
發,水
詖,水
贔,水
鈈,水
黽,水
冪,水
涼,火
淩,火
淥,水
買,水
脈,水
淪,水
遊,水
頒,水
湣,水
飯,水
軤,水
稟,水
湞,水
渦,水
滯,水
渾,水
補,水
渢,水
颮,水
測,水
渙,水
匯,水
揮,水
鳩,水
暉,水
毀,水
綏,水
鳧,水
湯,水
嗶,水
會,水
嗎,水
賄,水
賈,水
媽,水
較,水
漵,水
換,水
幣,水
僨,水
瘋,水
複,水
溝,水
潷,水
閣,水
繃,水
鳳,水
賓,水
緋,水
滌,水
飽,水
滄,水
駁,水
颯,水
華,水
瘓,水
滅,水
僕,水
綿,水
飼,水
琿,水
網,水
麼,水
禍,水
閩,水
誨,水
頗,水
濫,水
鳴,水
犛,水
聞,水
獁,水
滎,水
閡,水
範,水
滿,水
魴,水
滻,水
緬,水
緲,水
緡,水
貓,水
賠,水
廟,水
噴,水
寫,水
鴇,水
蝦,水
輩,水
餉,水
潁,水
漲,水
漁,水
滲,水
罷,水
賣,水
餅,水
萬,水
盤,土
嬈,水
緶,水
編,水
膚,水
誹,水
勱,水
漸,水
凜,水
麩,水
嘩,水
滸,水
滬,水
滾,土
漣,水
漿,水
頜,水
輝,水
碼,水
漢,水
緱,水
漬,水
瑪,水
賦,水
駙,水
潰,水
澆,水
潔,水
儐,水
頻,水
閿,水
駢,水
憊,水
閽,水
諷,水
鮃,水
潑,水
噦,水
餑,水
撥,水
憲,水
澗,水
諞,水
鮊,水
鮑,水
諱,水
餛,水
澠,水
鮒,水
鮁,水
潛,水
燙,水
憫,水
駭,水
頷,水
潤,水
瞞,水
罵,水
螞,水
蟎,水
撲,水
憤,水
溈,水
靦,水
學,水
潿,水
謀,水
撫,水
奮,水
興,水
潯,水
澇,水
辦,水
襆,水
蹕,水
澮,水
縹,水
嬪,水
縛,水
謎,水
謐,水
澩,水
幫,水
謗,水
縫,水
闊,水
濁,水
嬤,水
縵,水
鱘,水
彌,水
點,水
韓,水
鴻,水
鄉,水
濃,水
澱,水
褻,水
諢,水
鯗,水
濕,水
蹣,水
雜,水
賻,水
繢,水
澀,水
謾,水
鯊,水
斃,水
蕩,水
襏,水
鵓,水
餺,水
鯇,水
殯,水
饃,水
謨,水
闖,水
濱,水
闔,水
韝,水
擯,水
濘,水
濤,水
飆,水
濟,水
鯝,水
瀋,水
瀅,水
霧,水
鵯,水
瀉,水
瀏,水
瀆,水
譜,水
濼,水
禰,水
謔,火
繪,水
懣,水
騙,水
鶉,水
濺,水
癟,水
獵,水
擾,水
鯡,水
繯,水
齙,水
瀨,水
臏,水
鶘,水
羆,水
鹹,水
瀝,水
瀟,水
邁,水
懷,水
顢,水
瀦,水
還,水
饅,水
瀘,水
瀕,水
辮,水
繽,水
瀧,水
鰏,水
鰒,水
鶥,水
蠔,水
鯿,水
獼,水
瀲,水
轟,水
鰭,水
護,水
驃,水
辯,水
瀾,水
鶴,水
纈,水
驊,水
瀠,水
鱉,水
邊,水
鰻,水
灄,水
歡,水
饗,水
鰾,水
鱈,水
響,水
霽,水
攜,水
灃,水
鰵,水
鱝,水
灘,水
灑,水
黴,水
變,水
鬢,水
髕,水
顰,水
轡,水
鸌,水
灝,水
蠻,水
灣,水
灤,水
鬱,水
驫,水
灩,水
丶,火
刁,火
丁,火
力,火
二,火
了,火
巳,火
彳,火
孓,火
丈,火
女,火
大,火
勺,火
弋,火
乇,火
幺,火
井,火
中,火
仃,火
止,火
火,火
仂,火
支,火
之,火
尺,火
内,火
仉,火
日,火
太,火
天,火
屯,火
午,火
爻,火
丹,火
吊,火
它,火
仗,火
田,火
令,火
丙,火
只,火
代,火
冬,火
旦,火
叻,火
他,火
奴,火
冉,火
仝,火
尼,火
立,火
氐,火
另,火
叨,火
叮,火
左,火
尥,火
召,火
奶,火
弛,火
年,火
乓,火
决,火
忉,火
旯,火
劣,火
全,火
六,火
打,火
至,火
氖,火
旨,火
甪,火
老,火
兆,火
尖,火
耒,火
囡,火
吃,火
仲,火
氘,火
吆,火
妄,火
佤,火
氽,火
她,火
同,火
匠,火
自,火
多,火
耳,火
光,火
宅,火
肉,火
旮,火
亘,火
佁,火
免,火
托,火
佗,火
妥,火
卵,火
辵,火
犴,火
巫,火
足,火
妖,火
伶,火
求,火
努,火
佞,火
灾,火
町,火
佃,火
忐,火
忑,火
甸,火
男,火
廷,火
姊,火
佟,火
彤,火
吞,火
弄,火
呐,火
妒,火
牢,火
呔,火
志,火
豸,火
吝,火
甙,火
旰,火
灼,火
玏,火
囤,火
灸,火
豆,火
盯,火
疔,火
但,火
玎,火
住,火
弟,火
低,火
妐,火
吕,火
呈,火
利,火
良,火
帖,火
定,火
投,火
咚,火
侗,火
抖,火
忝,火
耵,火
坼,火
佰,火
炒,火
弢,火
帑,火
咄,火
剁,火
佴,火
戾,火
玓,火
到,火
的,火
佯,火
炎,火
昕,火
狄,火
哎,火
冽,火
昉,火
罔,火
宕,火
徂,火
两,火
呤,火
侍,火
佻,火
底,火
侽,火
妮,火
耷,火
呶,火
妲,火
剌,火
佬,火
昆,火
典,火
沓,火
奈,火
肋,火
侈,火
佽,火
明,火
炊,火
囹,火
坴,火
旻,火
店,火
乳,火
炅,火
昊,火
戽,火
来,火
炔,火
妾,火
长,火
侣,火
咎,火
岱,火
弩,火
抉,火
炕,火
姐,火
争,火
忠,火
帙,火
隹,火
卓,火
炙,火
折,火
找,火
易,火
纨,火
炸,火
祉,火
抶,火
拓,火
炱,火
怨,火
拉,火
咧,火
俊,火
怒,火
玦,火
厘,火
致,火
炯,火
柬,火
姞,火
咴,火
烀,火
曷,火
拐,火
赴,火
炭,火
歪,火
拎,火
招,火
畋,火
哪,火
映,火
殄,火
昭,火
娜,火
律,火
柰,火
突,火
虐,火
亮,火
怜,火
俐,火
耐,火
南,火
盅,火
拖,火
俚,火
炳,火
者,火
胄,火
秭,火
眈,火
待,火
殃,火
炫,火
段,火
亭,火
重,火
订,火
酊,火
炮,火
炷,火
耔,火
紃,火
纣,火
殆,火
肟,火
怛,火
咬,火
怠,火
哚,火
哆,火
籽,火
盾,火
帝,火
徉,火
奏,火
笫,火
肭,火
衲,火
恣,火
纳,火
庭,火
拿,火
衄,火
娖,火
耄,火
倮,火
伦,火
挺,火
恁,火
唐,火
玷,火
肽,火
爹,火
趿,火
朔,火
晌,火
偌,火
蚋,火
恕,火
瓞,火
条,火
旃,火
秦,火
展,火
哦,火
珍,火
恧,火
站,火
娘,火
孬,火
挑,火
耻,火
祝,火
罜,火
倘,火
冻,火
倔,火
恫,火
珏,火
耽,火
蚪,火
烙,火
秩,火
晋,火
疾,火
翀,火
晄,火
恍,火
烘,火
耿,火
衷,火
斗,火
紞,火
留,火
玳,火
瓴,火
玲,火
烤,火
烈,火
舯,火
料,火
值,火
娣,火
俩,火
哧,火
朕,火
倒,火
肢,火
旅,火
疸,火
窈,火
倭,火
屉,火
特,火
烜,火
徒,火
讯,火
秧,火
舀,火
庹,火
讨,火
烊,火
恬,火
畜,火
迅,火
疼,火
夏,火
娭,火
乌,火
套,火
挖,火
倜,火
彖,火
珣,火
啄,火
啖,火
讷,火
聃,火
婥,火
聊,火
捉,火
窒,火
痔,火
从,火
凑,火
斩,火
猁,火
珕,火
戚,火
唳,火
您,火
眵,火
袋,火
将,火
胬,火
梁,火
绐,火
带,火
张,火
啶,火
晞,火
章,火
粒,火
悌,火
翎,火
略,火
聆,火
羚,火
阨,火
捋,火
舵,火
敚,火
鹿,火
娄,火
烯,火
焐,火
卤,火
顶,火
啁,火
蛃,火
侦,火
帐,火
剔,火
斛,火
那,火
甜,火
囵,火
焓,火
蛋,火
晗,火
羝,火
欸,火
诶,火
晡,火
珞,火
采,火
烽,火
焊,火
捭,火
觖,火
翋,火
狼,火
珽,火
执,火
珧,火
勒,火
袒,火
停,火
狸,火
胎,火
敕,火
晟,火
啕,火
烃,火
犁,火
酞,火
豚,火
烷,火
诀,火
软,火
挽,火
眦,火
狷,火
振,火
迪,火
邸,火
裂,火
焚,火
屠,火
就,火
邰,火
捩,火
毯,火
诋,火
晾,火
悼,火
祧,火
登,火
程,火
塍,火
迢,火
蛘,火
捺,火
跆,火
盗,火
媛,火
掭,火
虏,火
琌,火
轴,火
掇,火
掣,火
酡,火
惦,火
跌,火
掏,火
场,火
琅,火
敦,火
惇,火
短,火
痘,火
耋,火
睇,火
探,火
喔,火
腆,火
掂,火
抡,火
跎,火
阽,火
欻,火
臸,火
喋,火
幄,火
琉,火
痛,火
硫,火
劳,火
掠,火
巽,火
痢,火
詈,火
轶,火
痣,火
焜,火
单,火
婷,火
捻,火
量,火
嗟,火
吭,火
贷,火
啼,火
钬,火
娲,火
掰,火
粢,火
彘,火
理,火
傣,火
智,火
厥,火
焙,火
焱,火
喃,火
喇,火
赧,火
轺,火
婻,火
贴,火
惋,火
饨,火
氮,火
喱,火
晶,火
能,火
晴,火
犂,火
啦,火
傈,火
婼,火
闰,火
嗒,火
循,火
惘,火
寻,火
蜕,火
煅,火
旒,火
跺,火
惰,火
媸,火
酪,火
冢,火
嗤,火
躲,火
顽,火
顿,火
廊,火
偻,火
置,火
迹,火
雉,火
愣,火
蜊,火
幌,火
晃,火
诙,火
驮,火
赁,火
焕,火
煨,火
煺,火
煳,火
裎,火
退,火
煌,火
睐,火
炼,火
煎,火
烦,火
零,火
脱,火
脘,火
里,火
郅,火
陀,火
诔,火
傫,火
觥,火
驰,火
嗵,火
煸,火
稔,火
乃,火
传,火
虞,火
睦,火
追,火
煏,火
照,火
琢,火
揇,火
迨,火
艇,火
蜓,火
扬,火
嗲,火
旸,火
炀,火
乱,火
煤,火
觜,火
盏,火
赀,火
农,火
提,火
暖,火
惴,火
猱,火
绨,火
煜,火
逄,火
搭,火
趑,火
当,火
砀,火
煊,火
亶,火
赂,火
稗,火
蜇,火
偬,火
痰,火
塔,火
禄,火
罩,火
路,火
熄,火
牒,火
揲,火
督,火
徭,火
逃,火
殿,火
辂,火
鼎,火
电,火
跳,火
訾,火
煲,火
琭,火
搪,火
台,火
蜩,火
郎,火
摇,火
尽,火
奁,火
连,火
喏,火
嫘,火
瘩,火
毓,火
嫪,火
疟,火
耥,火
趟,火
缁,火
慆,火
搌,火
搦,火
绰,火
煽,火
熬,火
蜿,火
酹,火
慝,火
辣,火
瞅,火
矁,火
恺,火
熔,火
鞅,火
裳,火
罱,火
嘞,火
通,火
舔,火
叹,火
疡,火
瘌,火
滕,火
裸,火
图,火
逐,火
领,火
窝,火
赵,火
纶,火
绫,火
惕,火
团,火
透,火
这,火
腕,火
嫡,火
瑄,火
嘀,火
裹,火
荧,火
裼,火
递,火
裰,火
辄,火
对,火
端,火
畅,火
陋,火
逗,火
喽,火
熘,火
种,火
绿,火
肈,火
尔,火
嫠,火
雒,火
郖,火
寥,火
嫜,火
嫩,火
僚,火
祯,火
逞,火
胀,火
逖,火
彰,火
捣,火
绽,火
廖,火
踉,火
幛,火
缀,火
粼,火
腚,火
瑙,火
赉,火
皑,火
董,火
蝶,火
肿,火
陡,火
逮,火
辎,火
践,火
憃,火
调,火
缎,火
腰,火
阆,火
奖,火
腠,火
噘,火
褚,火
德,火
敌,火
除,火
摎,火
禚,火
逴,火
辍,火
骶,火
质,火
辋,火
缔,火
儋,火
缒,火
缓,火
瑶,火
驻,火
弹,火
蜗,火
饵,火
憏,火
进,火
踮,火
脑,火
谈,火
铽,火
辇,火
彻,火
馁,火
獐,火
闹,火
鲁,火
熵,火
熠,火
搂,火
噢,火
征,土
熨,火
逯,火
踏,火
戮,火
骀,火
熛,火
鸩,火
抟,火
僻,火
挪,火
踢,火
僾,火
缇,火
刘,火
寮,火
阵,火
瘤,火
厉,火
褪,火
侬,火
练,火
摘,火
嘹,火
鼐,火
层,火
瑭,火
轮,火
论,火
账,火
郯,火
诤,火
暂,火
噌,火
齿,火
躺,火
熳,火
驼,火
乐,火
燏,火
唠,火
脶,火
蝻,火
踟,火
黎,火
羰,火
虑,火
腩,火
赕,火
撂,火
龙,火
俦,火
踱,火
头,火
陈,火
惮,火
璃,火
瘴,火
蹄,火
猪,火
遛,火
哝,火
赭,火
遁,火
谘,火
璇,火
燔,火
焖,火
陵,火
道,火
诺,火
灯,火
撑,火
达,火
燚,火
憝,火
晓,火
廪,火
掸,火
陆,火
赘,火
遖,火
蹀,火
赌,火
踵,火
殚,火
都,火
骆,火
吨,火
谛,火
挠,火
导,火
醍,火
谑,火
炖,火
璋,火
撰,火
录,火
撤,火
瘘,火
卢,火
晔,火
螗,火
积,火
糖,火
燃,火
撅,火
焰,火
陶,火
炽,火
缡,火
罹,火
琏,火
逎,火
瑾,火
擂,火
昙,火
烧,火
烨,火
鸱,火
鲐,火
燊,火
鸯,火
暾,火
赖,火
鸵,火
绦,火
髭,火
辏,火
臻,火
燠,火
褴,火
燎,火
撩,火
螂,火
撮,火
橐,火
谍,火
捞,火
獠,火
爵,火
蟑,火
餲,火
纵,火
蹋,火
嚏,火
遢,火
麋,火
臀,火
痨,火
饧,火
螳,火
儡,火
灿,火
阑,火
缧,火
瞳,火
隶,火
烛,火
燮,火
谣,火
丑,火
挡,火
醣,火
襄,火
膛,火
缕,火
蹈,火
螺,火
魉,火
隆,火
临,火
疃,火
骋,火
殓,火
蛰,火
绩,火
暧,火
螽,火
烩,火
疗,火
辗,火
鸸,火
鲕,火
瞵,火
龀,火
褶,火
磷,火
择,火
燧,火
挝,火
懔,火
騃,火
膣,火
瞠,火
燥,火
繇,火
瘅,火
耧,火
担,火
黏,火
队,火
黛,火
琎,火
裢,火
誊,火
咛,火
蝼,火
焘,火
懦,火
癜,火
阗,火
障,火
丛,火
鹈,火
题,火
擢,火
适,火
耨,火
曙,火
曛,火
戳,火
戴,火
抬,火
蛲,火
餮,火
瞻,火
怼,火
辘,火
职,火
贽,火
遮,火
侓,火
魍,火
痴,火
鲤,火
噜,火
烬,火
粮,火
谪,火
缭,火
璐,火
骓,火
丰,火
曜,火
鞮,火
虫,火
转,火
礼,火
谬,火
羸,火
韬,火
摆,火
齑,火
辽,火
歠,火
骴,火
邻,火
氇,火
哒,火
庞,火
裣,火
蹻,火
辚,火
曝,火
遴,火
鲷,火
离,火
谲,火
证,火
丽,火
谭,火
鼗,火
呖,火
烁,火
掷,火
际,火
爆,火
鲻,火
觯,火
绎,火
帘,火
臁,火
赠,火
蠊,火
脸,火
胴,火
撵,火
撸,火
庐,火
鲶,火
鄩,火
郸,火
鄣,火
蹲,火
胆,火
玺,火
鸫,火
裆,火
薆,火
蹭,火
蠃,火
蟆,火
邓,火
嘲,火
馏,火
辙,火
脓,火
蛏,火
鲮,火
咙,火
郑,火
醴,火
挞,火
宝,火
嚼,火
龆,火
矍,火
党,火
黧,火
獭,火
躅,火
飘,火
龄,火
鲽,火
罗,火
耀,火
鼍,火
懒,火
赢,火
瓆,火
阐,火
赡,火
拢,火
胧,火
炉,火
骘,火
腾,火
骝,火
掳,火
疠,火
糯,火
曦,火
窦,火
踌,火
髅,火
鳎,火
烂,火
鳐,火
蜡,火
珑,火
傩,火
览,火
斓,火
癞,火
骡,火
迩,火
馔,火
鹞,火
俪,火
爝,火
袜,火
疬,火
跻,火
啭,火
缠,火
累,火
灶,火
龇,火
鲦,火
腊,火
曩,火
瓐,火
颤,火
囊,火
鲢,火
躐,火
驎,火
叠,火
聋,火
癃,火
窿,火
胪,火
粝,火
孪,火
鹨,火
摄,火
赎,火
傥,火
饕,火
箨,火
弯,火
鹧,火
鸷,火
踬,火
舻,火
龛,火
觌,火
籴,火
读,火
邋,火
龊,火
趸,火
听,火
鳓,火
栾,火
恋,火
挛,火
猡,火
轳,火
麟,火
鳞,火
晒,火
鹩,火
摊,火
蛎,火
体,火
显,火
雠,火
闼,火
让,火
瘫,火
癫,火
鞑,火
龌,火
鹭,火
鳣,火
谰,火
蠹,火
鳢,火
陇,火
攫,火
螭,火
雳,火
灵,火
粜,火
厅,火
叆,火
揽,火
鬣,火
囔,火
颅,火
脔,火
酃,火
摞,火
纛,火
郦,火
攮,火
瘰,火
驴,火
逻,火
逦,火
鲈,火
骧,火
谠,火
缆,火
鸬,火
魑,火
跞,火
轹,火
骊,火
躏,火
鸾,火
鲡,火
鹂,火
馕,火
內,火
決,火
亙,火
災,火
呂,火
兩,火
遝,火
來,火
長,火
侶,火
爭,火
紈,火
噅,火
憐,火
訂,火
紂,火
納,火
倫,火
條,火
恥,火
凍,火
玨,火
晉,火
鬥,火
倆,火
屜,火
訊,火
討,火
烏,火
訥,火
從,火
湊,火
斬,火
將,火
紿,火
帶,火
張,火
婁,火
鹵,火
頂,火
偵,火
帳,火
圇,火
誒,火
執,火
烴,火
訣,火
軟,火
眥,火
詆,火
盜,火
虜,火
軸,火
場,火
掄,火
勞,火
軼,火
單,火
撚,火
貸,火
鈥,火
媧,火
軺,火
貼,火
飩,火
閏,火
尋,火
蛻,火
煆,火
塚,火
頑,火
頓,火
僂,火
跡,火
詼,火
馱,火
賃,火
煥,火
糊,土
睞,火
煉,火
煩,火
脫,火
裡,火
誄,火
馳,火
傳,火
揚,火
暘,火
煬,火
亂,火
盞,火
貲,火
農,火
綈,火
當,火
碭,火
賂,火
傯,火
祿,火
輅,火
電,火
搖,火
盡,火
奩,火
連,火
瘧,火
緇,火
綽,火
愷,火
歎,火
瘍,火
圖,火
領,火
窩,火
趙,火
綸,火
綾,火
團,火
這,火
熒,火
遞,火
輒,火
對,火
暢,火
嘍,火
種,火
綠,火
爾,火
禎,火
脹,火
搗,火
綻,火
綴,火
賚,火
皚,火
腫,火
輜,火
踐,火
調,火
緞,火
閬,火
獎,火
敵,火
輟,火
質,火
輞,火
締,火
縋,火
緩,火
瑤,火
駐,火
彈,火
蝸,火
餌,火
進,火
腦,火
談,火
鋱,火
輦,火
徹,火
餒,火
鬧,火
魯,火
摟,火
駘,火
鴆,火
摶,火
緹,火
劉,火
陣,火
厲,火
儂,火
練,火
層,火
輪,火
論,火
賬,火
諍,火
暫,火
齒,火
駝,火
樂,火
嘮,火
腡,火
慮,火
賧,火
龍,火
儔,火
頭,火
陳,火
憚,火
豬,火
噥,火
璿,火
燜,火
諾,火
燈,火
撐,火
達,火
曉,火
廩,火
撣,火
陸,火
贅,火
賭,火
殫,火
駱,火
噸,火
諦,火
撓,火
導,火
燉,火
錄,火
瘺,火
盧,火
曄,火
積,火
熾,火
縭,火
璉,火
曇,火
燒,火
燁,火
鴟,火
鮐,火
鴦,火
賴,火
鴕,火
絛,火
輳,火
襤,火
諜,火
撈,火
縱,火
癆,火
餳,火
燦,火
闌,火
縲,火
隸,火
燭,火
謠,火
醜,火
擋,火
縷,火
魎,火
臨,火
騁,火
殮,火
蟄,火
績,火
曖,火
燴,火
療,火
輾,火
鴯,火
鮞,火
齔,火
擇,火
撾,火
懍,火
癉,火
耬,火
擔,火
隊,火
璡,火
褳,火
謄,火
嚀,火
螻,火
燾,火
闐,火
叢,火
鵜,火
題,火
適,火
蟯,火
懟,火
轆,火
職,火
贄,火
癡,火
鯉,火
嚕,火
燼,火
糧,火
謫,火
繚,火
騅,火
豐,火
蟲,火
轉,火
禮,火
謬,火
韜,火
擺,火
齏,火
遼,火
鄰,火
氌,火
噠,火
龐,火
襝,火
轔,火
鯛,火
離,火
譎,火
證,火
麗,火
譚,火
鞀,火
嚦,火
爍,火
擲,火
際,火
鯔,火
觶,火
繹,火
簾,火
贈,火
臉,火
攆,火
擼,火
廬,火
鯰,火
鄲,火
膽,火
璽,火
鶇,火
襠,火
鄧,火
餾,火
轍,火
膿,火
蟶,火
鯪,火
嚨,火
鄭,火
撻,火
寶,火
齠,火
黨,火
獺,火
飄,火
齡,火
鰈,火
羅,火
鼉,火
懶,火
贏,火
闡,火
贍,火
攏,火
朧,火
爐,火
騭,火
騰,火
騮,火
擄,火
癘,火
竇,火
躊,火
髏,火
鰨,火
爛,火
鰩,火
蠟,火
瓏,火
儺,火
覽,火
斕,火
癩,火
騾,火
邇,火
饌,火
鷂,火
儷,火
襪,火
鬁,火
躋,火
囀,火
纏,火
齜,火
鰷,火
臘,火
顫,火
鰱,火
疊,火
聾,火
臚,火
糲,火
孿,火
鷚,火
攝,火
贖,火
儻,火
籜,火
彎,火
鷓,火
鷙,火
躓,火
艫,火
龕,火
覿,火
糴,火
讀,火
齪,火
躉,火
聽,火
鰳,火
欒,火
戀,火
攣,火
玀,火
轤,火
鱗,火
曬,火
鷯,火
攤,火
蠣,火
體,火
顯,火
讎,火
闥,火
讓,火
癱,火
癲,火
韃,火
齷,火
鷺,火
鱣,火
讕,火
鱧,火
隴,火
靂,火
靈,火
糶,火
廳,火
靉,火
攬,火
顱,火
臠,火
酈,火
驢,火
邏,火
邐,火
鱸,火
驤,火
讜,火
纜,火
鸕,火
躒,火
轢,火
驪,火
躪,火
鸞,火
鱺,火
鸝,火
饢,火
乙,土
一,土
又,土
于,土
己,土
兀,土
也,土
丸,土
土,土
丫,土
山,土
尢,土
允,土
卬,土
夭,土
厄,土
引,土
尹,土
友,土
曰,土
予,土
切,土
王,土
尤,土
以,土
瓦,土
永,土
由,土
硅,土
戊,土
用,土
幼,土
凹,土
右,土
孕,土
仔,土
央,土
羽,土
伢,土
岌,土
圾,土
宇,土
圯,土
夷,土
戌,土
灰,土
亦,土
圭,土
似,土
衣,土
屺,土
艮,土
屹,土
吐,土
圮,土
充,土
因,土
吖,土
羊,土
伍,土
仵,土
安,土
圩,土
地,土
有,土
圪,土
伊,土
戍,土
圳,土
卣,土
妑,土
岍,土
邑,土
辰,土
佑,土
坑,土
秃,土
岐,土
攸,土
甬,土
坎,土
圻,土
均,土
吲,土
牡,土
坊,土
呀,土
岘,土
岈,土
址,土
氙,土
岜,土
坂,土
圬,土
釫,土
延,土
岙,土
位,土
冶,土
坩,土
坍,土
役,土
佚,土
坌,土
矣,土
完,土
忤,土
盱,土
岫,土
夜,土
佾,土
峁,土
坳,土
垇,土
坪,土
岷,土
亚,土
坶,土
帕,土
坭,土
旺,土
委,土
宛,土
坡,土
坨,土
爬,土
坢,土
奄,土
坦,土
依,土
抑,土
肴,土
坯,土
往,土
盂,土
狁,土
侑,土
附,土
岢,土
坫,土
矸,土
坷,土
臾,土
岬,土
坤,土
坻,土
岵,土
昀,土
岣,土
垃,土
呦,土
艾,土
胃,土
匽,土
怕,土
垧,土
怡,土
垛,土
姨,土
纡,土
姻,土
音,土
威,土
屋,土
瓮,土
盆,土
垤,土
要,土
禹,土
耶,土
韦,土
垚,土
舁,土
哀,土
垣,土
畏,土
拗,土
怏,土
垡,土
咦,土
姚,土
约,土
垠,土
哇,土
娃,土
疣,土
玥,土
奎,土
咿,土
砭,土
峋,土
趴,土
垞,土
衩,土
窀,土
幽,土
昶,土
俑,土
勇,土
垢,土
押,土
咽,土
垲,土
砍,土
爰,土
砒,土
垓,土
宥,土
垌,土
肚,土
砘,土
侮,土
砉,土
型,土
羑,土
砑,土
峒,土
埯,土
囿,土
砩,土
啊,土
翁,土
轩,土
准,土
肫,土
砥,土
蚜,土
峡,土
阢,土
砧,土
胭,土
砟,土
峨,土
砸,土
埃,土
軎,土
宴,土
晏,土
芺,土
恩,土
娓,土
砝,土
唉,土
氧,土
恙,土
唔,土
砰,土
鹌,土
敖,土
盎,土
育,土
按,土
砹,土
容,土
益,土
峭,土
埏,土
俺,土
彧,土
邘,土
迂,土
殷,土
氤,土
埔,土
破,土
蚓,土
案,土
砌,土
酏,土
埕,土
员,土
堍,土
眙,土
砣,土
峬,土
砬,土
埒,土
眢,土
城,土
埋,土
砷,土
埂,土
袁,土
牾,土
捂,土
崃,土
埠,土
啪,土
硐,土
鸟,土
硭,土
埝,土
岽,土
窕,土
硒,土
硎,土
堀,土
眺,土
崤,土
堾,土
埭,土
崆,土
埽,土
岗,土
婉,土
崮,土
堋,土
堂,土
唯,土
帷,土
眭,土
崞,土
培,土
崎,土
伟,土
迕,土
基,土
垩,土
崩,土
牵,土
崨,土
崛,土
畦,土
硌,土
尉,土
埤,土
堆,土
胡,土
茔,土
蚰,土
哑,土
痖,土
讶,土
迓,土
垭,土
娅,土
悠,土
庵,土
唵,土
崦,土
蚴,土
庸,土
恿,土
迎,土
闫,土
寅,土
狺,土
翌,土
埸,土
偃,土
异,土
移,土
痍,土
野,土
焉,土
崖,土
挨,土
埴,土
欲,土
勖,土
琊,土
峥,土
蛭,土
狳,土
域,土
崽,土
堤,土
喑,土
堛,土
堙,土
恶,土
诒,土
跖,土
胰,土
贻,土
费,土
壹,土
蛙,土
猗,土
崴,土
掖,土
为,土
围,土
帏,土
迤,土
喁,土
堪,土
奠,土
喹,土
嵛,土
黄,土
堞,土
画,土
岚,土
塄,土
堠,土
崾,土
晻,土
咏,土
胺,土
嵖,土
媕,土
嵋,土
埚,土
垴,土
捱,土
粤,土
啽,土
釉,土
越,土
砗,土
黑,土
硪,土
翔,土
惟,土
硖,土
傲,土
硝,土
氩,土
堰,土
崵,土
翕,土
婺,土
砚,土
媪,土
奡,土
痦,土
喂,土
堡,土
犹,土
雍,土
块,土
猷,土
揠,土
蛹,土
跬,土
瘀,土
蜈,土
衙,土
呜,土
佣,土
袅,土
握,土
嗡,土
揞,土
饮,土
愔,土
猬,土
暗,土
坞,土
塬,土
嵩,土
稚,土
诩,土
轾,土
碇,土
碓,土
阿,土
晕,土
恽,土
埙,土
硼,土
氲,土
痱,土
碘,土
话,土
裔,土
碱,土
嵴,土
睚,土
碉,土
奥,土
觟,土
塑,土
琙,土
园,土
圆,土
援,土
矮,土
嗌,土
爱,土
蜒,土
诣,土
嵊,土
揶,土
圣,土
琟,土
嗷,土
碚,土
嵬,土
塌,土
廒,土
嶅,土
爷,土
嵫,土
碎,土
填,土
碗,土
揖,土
饴,土
猥,土
艉,土
痿,土
塘,土
琬,土
意,土
碑,土
塾,土
壸,土
墋,土
踊,土
腋,土
与,土
砜,土
墒,土
墚,土
诱,土
瑀,土
监,土
獒,土
垫,土
碳,土
瑕,土
境,土
闺,土
碟,土
猿,土
玮,土
鸢,土
冤,土
碣,土
祎,土
硕,土
逵,土
误,土
寤,土
维,土
崭,土
碥,土
呕,土
碲,土
岖,土
顼,土
翟,土
瑛,土
嶂,土
墟,土
碰,土
墅,土
夤,土
温,土
诞,土
堑,土
肮,土
嘘,土
殒,土
塝,土
碴,土
嫣,土
腌,土
墉,土
诬,土
嵝,土
旖,土
墁,土
愠,土
嶝,土
蝴,土
叶,土
卫,土
嘿,土
磋,土
磁,土
噎,土
坠,土
废,土
堕,土
墩,土
璈,土
缘,土
增,土
豌,土
娴,土
纬,土
磔,土
坟,土
院,土
诿,土
阅,土
鸦,土
养,土
影,土
鞋,土
嶙,土
殴,土
欧,土
墀,土
嬲,土
邮,土
蝰,土
鱿,土
碾,土
怄,土
忧,土
崂,土
鞍,土
庑,土
嶓,土
嶒,土
腤,土
亿,土
慵,土
确,土
峤,土
谀,土
墺,土
逸,土
磊,土
蝣,土
余,土
慰,土
牖,土
糈,土
磕,土
嵚,土
螯,土
殪,土
砖,土
阴,土
融,土
峄,土
墙,土
壁,土
勋,土
瓯,土
郓,土
违,土
谓,土
磅,土
磨,土
垮,土
歙,土
噫,土
遐,土
碛,土
衡,土
嫒,土
鸭,土
懊,土
豫,土
磙,土
垦,土
谙,土
鸳,土
运,土
碜,土
壅,土
聱,土
坛,土
阉,土
馀,土
燕,土
怃,土
螈,土
嗳,土
颐,土
惯,土
癌,土
闇,土
遨,土
隘,土
醠,土
謷,土
鮟,土
嶷,土
拥,土
膺,土
郧,土
岭,土
酝,土
应,土
翳,土
优,土
忆,土
婴,土
阳,土
硗,土
龠,土
嵘,土
闱,土
鲔,土
邬,土
压,土
怿,土
鼋,土
壕,土
黝,土
磺,土
矶,土
隅,土
壑,土
鲑,土
屿,土
辕,土
礁,土
远,土
圹,土
礅,土
磴,土
袄,土
础,土
陨,土
鄢,土
韪,土
盫,土
黟,土
彝,土
癔,土
鄞,土
欤,土
鼬,土
恹,土
碍,土
瑷,土
医,土
璧,土
讴,土
礓,土
硷,土
垒,土
蹦,土
爊,土
垄,土
垆,土
臆,土
垅,土
舣,土
坏,土
礤,土
鹉,土
玙,土
疆,土
坜,土
臃,土
繶,土
骛,土
韵,土
嬿,土
韫,土
稳,土
巉,土
岿,土
矿,土
鹜,土
砾,土
骜,土
罂,土
鼯,土
嘤,土
痒,土
壤,土
矾,土
邺,土
礴,土
碌,土
礞,土
蠡,土
砻,土
砺,土
巍,土
鳌,土
跃,土
撄,土
誉,土
巅,土
饔,土
鳙,土
璎,土
隐,土
懿,土
呓,土
峦,土
鸥,土
窃,土
瘾,土
娈,土
缨,土
岩,土
靥,土
盐,土
坝,土
罐,土
鹦,土
艳,土
鹳,土
於,土
矽,土
禿,土
峴,土
嶴,土
亞,土
坰,土
紆,土
甕,土
韋,土
約,土
塏,土
垵,土
軒,土
峽,土
鵪,土
員,土
崍,土
鳥,土
墊,土
崠,土
崗,土
偉,土
堊,土
牽,土
塋,土
啞,土
瘂,土
訝,土
埡,土
婭,土
閆,土
異,土
崢,土
惡,土
詒,土
蹠,土
貽,土
費,土
為,土
圍,土
幃,土
崳,土
黃,土
畫,土
嵐,土
詠,土
堝,土
堖,土
粵,土
硨,土
硤,土
氬,土
硯,土
媼,土
猶,土
塊,土
嗚,土
傭,土
嫋,土
飲,土
蝟,土
塢,土
詡,土
輊,土
暈,土
惲,土
塤,土
氳,土
話,土
堿,土
奧,土
園,土
圓,土
愛,土
詣,土
聖,土
爺,土
飴,土
壼,土
踴,土
與,土
碸,土
誘,土
監,土
閨,土
瑋,土
鳶,土
禕,土
碩,土
誤,土
維,土
嶄,土
嘔,土
嶇,土
頊,土
溫,土
誕,土
塹,土
噓,土
殞,土
醃,土
誣,土
嶁,土
慍,土
葉,土
衛,土
墜,土
廢,土
墮,土
緣,土
嫻,土
緯,土
墳,土
諉,土
閱,土
鴉,土
養,土
毆,土
歐,土
郵,土
魷,土
慪,土
憂,土
嶗,土
廡,土
億,土
確,土
嶠,土
諛,土
餘,土
嶔,土
磚,土
陰,土
嶧,土
牆,土
勳,土
甌,土
鄆,土
違,土
謂,土
磧,土
嬡,土
鴨,土
墾,土
諳,土
鴛,土
運,土
磣,土
壇,土
閹,土
憮,土
噯,土
頤,土
慣,土
擁,土
鄖,土
嶺,土
醞,土
應,土
優,土
憶,土
嬰,土
陽,土
磽,土
嶸,土
闈,土
鮪,土
鄔,土
壓,土
懌,土
黿,土
磯,土
鮭,土
嶼,土
轅,土
遠,土
壙,土
襖,土
礎,土
隕,土
韙,土
歟,土
懨,土
礙,土
璦,土
醫,土
謳,土
鹼,土
壘,土
壟,土
壚,土
艤,土
壞,土
鵡,土
璵,土
壢,土
騖,土
韻,土
韞,土
穩,土
巋,土
礦,土
鶩,土
礫,土
驁,土
罌,土
嚶,土
癢,土
礬,土
鄴,土
礱,土
礪,土
鼇,土
躍,土
攖,土
譽,土
巔,土
鱅,土
瓔,土
隱,土
囈,土
巒,土
鷗,土
竊,土
癮,土
孌,土
纓,土
靨,土
鹽,土
壩,土
鸚,土
豔,土
鸛,土